panel_rank	feature_id	feature_name	means	dispersions	dispersions_norm
1	ENSG00000164816	DEFA5	0.5736068191768346	8.335905340698229	10.525494
2	ENSG00000164822	DEFA6	0.2638857031276716	7.413068552718027	10.02146
3	ENSG00000172410	INSL5	0.020345891553877126	8.27547031590271	9.183181
4	ENSG00000174992	ZG16	0.42154486820404785	6.835425705805841	9.0064125
5	ENSG00000169605	GKN1	0.3250932565358737	6.825089525897431	8.98825
6	ENSG00000172551	MUCL1	0.32170207187465855	6.610241261864361	8.610713
7	ENSG00000164265	SCGB3A2	0.2889944358764672	6.6025043180650345	8.597117
8	ENSG00000118137	APOA1	0.6731978796163021	6.741206923081166	7.937759
9	ENSG00000110244	APOA4	0.36318012296575225	6.202011896931726	7.8933635
10	ENSG00000096088	PGC	0.2912632690610449	6.18472126550638	7.86298
11	ENSG00000122711	SPINK4	0.29679123340678915	6.173484835602956	7.843235
12	ENSG00000197253	TPSB2	0.3912400307104497	6.116036367055615	7.7422853
13	ENSG00000157005	SST	0.1988159330990312	7.137655136088061	7.6253595
14	ENSG00000160182	TFF1	0.6666876980094002	6.512909815292427	7.567299
15	ENSG00000130656	HBZ	0.7648503051708628	7.1281188146176895	7.5118337
16	ENSG00000263639	MSMB	0.36368091762133825	5.948800892982706	7.4484153
17	ENSG00000172236	TPSAB1	0.4231580488665469	5.9073419295844225	7.375562
18	ENSG00000110484	SCGB2A2	0.16933649904143086	6.952608817012238	7.3720064
19	ENSG00000137077	CCL21	0.31694777217072245	5.872207935925602	7.313824
20	ENSG00000198183	BPIFA1	0.2488335002952507	5.8579120447775495	7.288703
21	ENSG00000172016	REG3A	0.16435677991022551	6.865157609959508	7.252274
22	ENSG00000182333	LIPF	0.084313034208586	6.8210265418667575	7.1918526
23	ENSG00000110245	APOC3	0.31332318426435735	5.772316813273343	7.1382933
24	ENSG00000131096	PYY	0.027363964421804006	6.71541810552281	7.0472608
25	ENSG00000205649	HTN3	0.14208019128772126	6.643206203875297	6.948393
26	ENSG00000124935	SCGB1D2	0.0808874321146476	6.548371731759129	6.818552
27	ENSG00000206177	HBM	0.5264540809468183	5.983284539637006	6.70787
28	ENSG00000163736	PPBP	0.5924242626910468	5.963904767554267	6.676422
29	ENSG00000159763	PIP	0.17113243026483582	6.3288359218560135	6.517978
30	ENSG00000169344	UMOD	0.3192474306759451	5.4183625667340785	6.5163164
31	ENSG00000161055	SCGB3A1	1.1253782045320593	7.628830181571212	6.5082464
32	ENSG00000149021	SCGB1A1	1.129923113806827	7.555718503909826	6.418898
33	ENSG00000239839	DEFA3	0.011676540538002676	6.254160913862412	6.415738
34	ENSG00000213931	HBE1	1.1110060357356875	7.544743021289551	6.405485
35	ENSG00000171403	KRT9	0.02748240975054855	6.246293383229282	6.4049664
36	ENSG00000170231	FABP6	0.6895086328802588	6.3190076513950135	6.3135805
37	ENSG00000122133	PAEP	0.01713141750260379	6.171429066521926	6.302467
38	ENSG00000125999	BPIFB1	0.3540227907040003	5.248561172169296	6.2179375
39	ENSG00000171401	KRT13	0.20945042773160422	6.086522873288373	6.186219
40	ENSG00000128322	IGLL1	0.06445998906353348	6.047616653616203	6.1329513
41	ENSG00000173432	SAA1	0.41624034818308103	5.196090575770114	6.1257353
42	ENSG00000186847	KRT14	0.4876710985582622	5.557843442564016	6.017502
43	ENSG00000215182	MUC5AC	0.4805823526153819	5.542503362432358	5.9926095
44	ENSG00000197870	PRB3	0.06083698882247718	5.906587760481203	5.939864
45	ENSG00000100604	CHGA	0.1504683538512745	5.900251517360312	5.9311886
46	ENSG00000137392	CLPS	0.014267814527118687	5.874910648451684	5.896494
47	ENSG00000105205	CLC	0.01724533611606809	5.7874851210560925	5.7767963
48	ENSG00000164825	DEFB1	0.31315360299609685	4.988787892171498	5.761458
49	ENSG00000167768	KRT1	0.09031266005386314	5.755505679066926	5.733012
50	ENSG00000276085	CCL3L1	0.4067340107494176	4.965376478551262	5.720319
51	ENSG00000254709	IGLL5	1.2820420076996606	8.057250553717314	5.715819
52	ENSG00000275385	CCL18	0.25637950635271745	4.9561921268627005	5.7041802
53	ENSG00000163586	FABP1	0.6068926921366407	5.3538887699433495	5.6865425
54	ENSG00000101200	AVP	0.02587857085281649	5.711538884008063	5.672816
55	ENSG00000160180	TFF3	0.7668762868690516	5.881150825395082	5.6651363
56	ENSG00000185303	SFTPA2	0.4796465206888736	5.329834605156308	5.6475096
57	ENSG00000211445	GPX3	0.6070590279827023	5.294402345776482	5.590013
58	ENSG00000126549	STATH	0.08400947901895374	5.640771737617488	5.5759263
59	ENSG00000181617	FDCSP	0.014170792771002944	5.635739706909744	5.569037
60	ENSG00000122852	SFTPA1	0.48017663803775446	5.2798443287855665	5.5663896
61	ENSG00000143839	REN	0.0170833868256611	5.624200830660065	5.5532384
62	ENSG00000186832	KRT16	0.09197300557315231	5.6022837590538	5.523231
63	ENSG00000198788	MUC2	0.2259744621486628	5.594189279989213	5.512149
64	ENSG00000115009	CCL20	0.33732611306569105	4.823875078960062	5.4716697
65	ENSG00000127928	GNGT1	0.2926642935758457	4.8204113131143735	5.465583
66	ENSG00000114113	RBP2	0.2407357866119031	4.819224728390077	5.4634976
67	ENSG00000115386	REG1A	0.20383324602438374	5.54944927494634	5.450894
68	ENSG00000127318	IL22	0.01212149589603826	5.4970145862501285	5.3791037
69	ENSG00000044012	GUCA2B	0.07378054003113953	5.485294529371686	5.363057
70	ENSG00000163914	RHO	0.3263960222690986	4.751110375177766	5.343806
71	ENSG00000163209	SPRR3	0.0822896676762044	5.458735652225328	5.3266945
72	ENSG00000197353	LYPD2	0.6216287416142956	5.124183307497162	5.3137965
73	ENSG00000112116	IL17F	0.011621938421242562	5.445369305058325	5.3083944
74	ENSG00000160181	TFF2	0.16153831435985447	5.440992466329024	5.302402
75	ENSG00000167531	LALBA	0.0075156495846345015	5.419559944054324	5.273058
76	ENSG00000169245	CXCL10	0.22917775540258276	4.70783692718352	5.2677646
77	ENSG00000070031	SCT	0.01818830569637257	5.410241347487736	5.2602997
78	ENSG00000102970	CCL17	0.04804427761427887	5.379575570677071	5.2183137
79	ENSG00000126550	HTN1	0.047682976319822115	5.366924848154482	5.2009935
80	ENSG00000148346	LCN2	0.6731468931704268	5.046736986421421	5.1881237
81	ENSG00000167653	PSCA	0.375490942292076	4.645206108001343	5.157708
82	ENSG00000139053	PDE6H	0.08467793599424266	5.333007546069841	5.1545563
83	ENSG00000196754	S100A2	0.42769015388375053	4.636654263297206	5.1426806
84	ENSG00000111537	IFNG	0.3054229215455138	4.6102413773684665	5.096267
85	ENSG00000187479	C11orf96	0.4134044063212637	4.606050669362287	5.0889034
86	ENSG00000172023	REG1B	0.06098060826790123	5.282951463842993	5.0860224
87	ENSG00000128422	KRT17	0.6527403768646691	4.979635820981023	5.079238
88	ENSG00000230657	PRB4	0.025968232629803523	5.267552911821641	5.06494
89	ENSG00000016490	CLCA1	0.16097603792306026	5.263439608492727	5.059308
90	ENSG00000126337	KRT36	0.0025541645301125158	5.256345824578081	5.049596
91	ENSG00000125144	MT1G	0.735483553770462	5.462294742895427	5.0448318
92	ENSG00000188130	MAPK12	0.13153029962777538	5.252821258974997	5.0447702
93	ENSG00000163739	CXCL1	0.3235013449339817	4.57900128630914	5.0413713
94	ENSG00000164821	DEFA4	0.0034455112207016814	5.245735254728783	5.0350685
95	ENSG00000204983	PRSS1	0.026373373479754676	5.224523725292647	5.006027
96	ENSG00000185527	PDE6G	0.38722353940987975	4.541158782325018	4.974874
97	ENSG00000106178	CCL24	0.010871811959749405	5.201378272689061	4.974338
98	ENSG00000057149	SERPINB3	0.4790979102214075	4.891027518397599	4.935452
99	ENSG00000196611	MMP1	0.08993406195242681	5.1700194843115135	4.9314036
100	ENSG00000213934	HBG1	1.3199476977771198	7.293894338865068	4.922164
101	ENSG00000106366	SERPINE1	0.42990088895380124	4.509745375032295	4.9196734
102	ENSG00000172867	KRT2	0.026686183400180058	5.160314669486873	4.9181166
103	ENSG00000136872	ALDOB	0.3367476031236982	4.492528167128896	4.889419
104	ENSG00000170423	KRT78	0.007884788625684295	5.127551140325198	4.8732586
105	ENSG00000276070	CCL4L2	0.6090573658534078	4.839847240393932	4.8524013
106	ENSG00000206172	HBA1	1.553576071376865	7.23600034790823	4.833155
107	ENSG00000016602	CLCA4	0.06146257710601918	5.083959510248179	4.813576
108	ENSG00000159167	STC1	0.2756086172446992	4.4472674491927195	4.809886
109	ENSG00000118271	TTR	0.1614350176887374	5.0657949582616295	4.7887063
110	ENSG00000163017	ACTG2	0.2121242462895996	5.0639575004605035	4.7861905
111	ENSG00000106631	MYL7	0.11601229177823634	5.052982736965722	4.771165
112	ENSG00000183395	PMCH	0.009120196812795758	5.050092188914385	4.767207
113	ENSG00000197273	GUCA2A	0.2066976546454388	5.045150103518617	4.760441
114	ENSG00000163631	ALB	0.10812132012151303	5.044861698458949	4.760046
115	ENSG00000137731	FXYD2	0.2764721308701851	4.400490998940472	4.7276893
116	ENSG00000196136	SERPINA3	0.2398455133515682	4.397660147119345	4.722715
117	ENSG00000188393	CLEC2A	0.005093798962739282	5.013122547396189	4.716591
118	ENSG00000170477	KRT4	0.08469715415980622	5.008606645851853	4.7104077
119	ENSG00000170373	CST1	0.021282002083252344	5.001440734945518	4.700597
120	ENSG00000109047	RCVRN	0.23114715856789533	4.384554695086531	4.6996856
121	ENSG00000259680	IGHV3OR16-17	0.0015511451098097842	4.9972983992811715	4.6949253
122	ENSG00000101405	OXT	0.015678571163107193	4.996685501894167	4.694086
123	ENSG00000171564	FGB	0.02801049073036547	4.962811444273282	4.647708
124	ENSG00000188257	PLA2G2A	0.10644544873057413	4.948191791205104	4.6276917
125	ENSG00000130561	SAG	0.6470852476408233	4.692515049905597	4.6133237
126	ENSG00000197943	PLCG2	0.7474016500554479	5.164491099467216	4.6037993
127	ENSG00000111907	TPD52L1	0.26803904151103447	4.325828694635427	4.596491
128	ENSG00000124102	PI3	0.17576507722271048	4.917446126472026	4.585597
129	ENSG00000168878	SFTPB	0.685947709368418	5.148122679350322	4.5795584
130	ENSG00000156234	CXCL13	0.16611300217274505	4.9105431802574975	4.576146
131	ENSG00000205420	KRT6A	0.11217545104437088	4.886499524529535	4.543227
132	ENSG00000158874	APOA2	0.03116260363967805	4.874490347098387	4.526785
133	ENSG00000074803	SLC12A1	0.22860554869378286	4.283040897342818	4.521303
134	ENSG00000122585	NPY	0.10533043951036915	4.842208296594837	4.4825864
135	ENSG00000148677	ANKRD1	0.29790843233542724	4.256883895715875	4.4753394
136	ENSG00000188508	KRTDAP	0.03582069107571637	4.821995146457163	4.4549117
137	ENSG00000143631	FLG	0.006205668383776685	4.81844480119916	4.450051
138	ENSG00000275896	PRSS2	0.018834499302767312	4.817404127071542	4.448626
139	ENSG00000169877	AHSP	0.2075180671614251	4.812830634477252	4.442364
140	ENSG00000170323	FABP4	0.8408037119387723	5.051908860982452	4.437071
141	ENSG00000178372	CALML5	0.022693382733339047	4.7819243782031755	4.4000497
142	ENSG00000183607	GKN2	0.09191963552899375	4.776043621698573	4.3919983
143	ENSG00000160349	LCN1	0.0060309488724278534	4.765107334441279	4.3770247
144	ENSG00000011465	DCN	0.42522780193280013	4.190996644986445	4.359561
145	ENSG00000133392	MYH11	0.2600149879356279	4.18238419035822	4.3444266
146	ENSG00000169509	CRCT1	0.00710402311298613	4.721857646245959	4.31781
147	ENSG00000244734	HBB	2.0612148832905484	8.477855600557213	4.3099804
148	ENSG00000173110	HSPA6	0.5568496134294741	4.505485163597362	4.3098283
149	ENSG00000168928	CTRB2	0.0049646788516976	4.713384635572567	4.3062096
150	ENSG00000163737	PF4	0.21666543631593888	4.7132574565128245	4.3060355
151	ENSG00000171747	LGALS4	0.28857756898659476	4.156347881808051	4.298675
152	ENSG00000103375	AQP8	0.05871725185914649	4.707444585510576	4.2980766
153	ENSG00000132915	PDE6A	0.6339136747182743	4.497851058438857	4.2974405
154	ENSG00000149489	ROM1	0.26732581402649	4.155253922273061	4.296753
155	ENSG00000070915	SLC12A3	0.08470867903357701	4.698472325651507	4.285793
156	ENSG00000108691	CCL2	0.7352007526302876	4.9491573831739775	4.284901
157	ENSG00000172724	CCL19	0.029142956715302766	4.682379360181387	4.263759
158	ENSG00000007908	SELE	0.1996857902759702	4.681601067722665	4.2626934
159	ENSG00000162896	PIGR	0.5550858049831	4.472630252209024	4.256514
160	ENSG00000133636	NTS	0.1408369422525632	4.676825431331441	4.256155
161	ENSG00000171560	FGA	0.017881511522581536	4.675065678724398	4.2537456
162	ENSG00000107796	ACTA2	0.5554755641896165	4.4688177676001315	4.2503276
163	ENSG00000185873	TMPRSS11B	0.006941761420204886	4.663195552206273	4.237494
164	ENSG00000171855	IFNB1	0.002298239318046947	4.660623846345167	4.233973
165	ENSG00000233041	PHGR1	0.9889562725419889	5.733103457834602	4.191518
166	ENSG00000179914	ITLN1	0.07707332695096654	4.628311242490423	4.1897326
167	ENSG00000135346	CGA	0.003850289028734943	4.61682297936296	4.1740036
168	ENSG00000163216	SPRR2D	0.010338883679893187	4.6108512729825035	4.1658278
169	ENSG00000153002	CPB1	0.025568083199349938	4.610439740213864	4.165264
170	ENSG00000112115	IL17A	0.00784139515958756	4.604119893686222	4.1566114
171	ENSG00000142789	CELA3A	0.0054113240581418	4.601889430193807	4.153558
172	ENSG00000108700	CCL8	0.1131626271928107	4.596686323538807	4.146434
173	ENSG00000188536	HBA2	1.7509472430540414	7.353576217237411	4.1354313
174	ENSG00000142748	FCN3	0.165087577000629	4.584638506161492	4.129939
175	ENSG00000168542	COL3A1	0.23557520876764923	4.059443524230542	4.1283927
176	ENSG00000005187	ACSM3	0.27592097344641364	4.05120281661145	4.113912
177	ENSG00000108849	PPY	0.0009506486844832034	4.566513119553007	4.105123
178	ENSG00000160862	AZGP1	0.3056910312530261	4.041326484547727	4.096557
179	ENSG00000137285	TUBB2B	0.4353792943934729	4.034851834580462	4.08518
180	ENSG00000168631	MUCL3	0.03594955196587548	4.544559106626835	4.0750647
181	ENSG00000101162	TUBB1	0.1650682912490313	4.540668916439157	4.069739
182	ENSG00000178125	PPP1R42	0.06239487312394765	4.532858702343143	4.0590453
183	ENSG00000197364	S100A7L2	0.05312263375646315	4.532690034200332	4.0588145
184	ENSG00000142871	CCN1	0.41587450115500035	4.006239455220348	4.034901
185	ENSG00000132881	CPLANE2	0.074859062585509	4.511997492440645	4.0304837
186	ENSG00000111341	MGP	1.091695170869518	5.60072876450991	4.029745
187	ENSG00000223609	HBD	0.034326998413520715	4.507283965716043	4.02403
188	ENSG00000177984	LCN15	0.00914643944580978	4.502749050470928	4.0178213
189	ENSG00000184502	GAST	0.041376878283863563	4.501606228558202	4.016257
190	ENSG00000134193	REG4	0.10621851421186566	4.496142327816764	4.0087757
191	ENSG00000275395	FCGBP	0.2795856529152111	3.9869835014288793	4.0010643
192	ENSG00000145839	IL9	0.0033055335213495996	4.485137396016758	3.9937086
193	ENSG00000149591	TAGLN	0.741699374594648	4.739326642706117	3.974152
194	ENSG00000164326	CARTPT	0.046621683107277545	4.462047709056937	3.9620957
195	ENSG00000134571	MYBPC3	0.34558812651610527	3.964157082067707	3.9609532
196	ENSG00000169402	RSPH10B2	0.05902461819176296	4.440762693235558	3.9329538
197	ENSG00000164434	FABP7	0.25654766565518866	3.9481833601879686	3.9328837
198	ENSG00000175206	NPPA	0.06331354294555024	4.433381189106748	3.9228475
199	ENSG00000150201	FXYD4	0.060276952575562336	4.426964846965571	3.9140627
200	ENSG00000145824	CXCL14	0.3506788574190683	3.935284325887776	3.9102173
201	ENSG00000154146	NRGN	0.6172390310642711	4.257172113049274	3.906888
202	ENSG00000143556	S100A7	0.04855548101851639	4.421276677830429	3.9062748
203	ENSG00000134339	SAA2	0.10204092977339072	4.415800580423983	3.8987772
204	ENSG00000148513	ANKRD30A	0.11734834051738176	4.40988158881701	3.8906734
205	ENSG00000132874	SLC14A2	0.06359548092508602	4.405690621014177	3.8849354
206	ENSG00000110436	SLC1A2	0.634506519878792	4.235270453168132	3.871348
207	ENSG00000012223	LTF	0.06508596743195381	4.385687834314113	3.857549
208	ENSG00000158578	ALAS2	0.11945613386114036	4.382822871965184	3.8536263
209	ENSG00000205364	MT1M	0.3264450713344665	3.901164644846065	3.8502614
210	ENSG00000136244	IL6	0.20572791624140035	4.376384166026077	3.844811
211	ENSG00000108342	CSF3	0.13871078280645233	4.375125169601594	3.8430872
212	ENSG00000145384	FABP2	0.19799626519259797	4.363532640974843	3.8272154
213	ENSG00000142515	KLK3	0.002980217426193438	4.360454079166257	3.8230004
214	ENSG00000163735	CXCL5	0.050213120864789296	4.351010021265073	3.8100703
215	ENSG00000203785	SPRR2E	0.013748878583565329	4.3456134915897735	3.8026817
216	ENSG00000254647	INS	0.003642631938656554	4.335558306740817	3.788915
217	ENSG00000170476	MZB1	0.5900062022252295	4.17627469405337	3.7756147
218	ENSG00000184113	CLDN5	0.4102587185596507	3.8583375156738415	3.7750046
219	ENSG00000167580	AQP2	0.08378118913890203	4.313355851871108	3.7585168
220	ENSG00000171201	SMR3B	0.015126974937662917	4.309832896690714	3.7536933
221	ENSG00000106541	AGR2	0.5430948125570975	4.162108020649261	3.7526264
222	ENSG00000115461	IGFBP5	0.3893697119439398	3.840391381118819	3.7434692
223	ENSG00000203618	GP1BB	0.1541393109294812	4.295852037737121	3.7345517
224	ENSG00000158764	ITLN2	0.014043431280316187	4.295246665318012	3.733723
225	ENSG00000091138	SLC26A3	0.255773655589324	3.834020364697673	3.7322738
226	ENSG00000170465	KRT6C	0.01406954675897842	4.291668443432441	3.728824
227	ENSG00000163734	CXCL3	0.45740965717500753	4.146493323592235	3.7272882
228	ENSG00000114739	ACVR2B	0.15630866940019875	4.288081950871626	3.7239134
229	ENSG00000241794	SPRR2A	0.030687852449177516	4.279371219957569	3.7119873
230	ENSG00000169429	CXCL8	1.4060108222771377	6.175445623920589	3.7074406
231	ENSG00000096395	MLN	0.0021010765762789325	4.275611158809287	3.7068393
232	ENSG00000005381	MPO	0.03353982654453946	4.272331681882086	3.7023492
233	ENSG00000179388	EGR3	0.20268284244787116	4.270121619142467	3.6993234
234	ENSG00000163220	S100A9	2.9636166354273503	5.700014860272706	3.697891
235	ENSG00000118113	MMP8	0.007012684746861872	4.267550615063138	3.6958032
236	ENSG00000100218	RSPH14	0.07036737044459658	4.264612056485858	3.69178
237	ENSG00000100448	CTSG	0.03190562382505073	4.245505317133484	3.6656203
238	ENSG00000084674	APOB	0.09661902981232678	4.242302592468153	3.6612353
239	ENSG00000101605	MYOM1	0.35412540605015275	3.7935494850728304	3.6611576
240	ENSG00000134443	GRP	0.015224904139563874	4.241106157728503	3.6595972
241	ENSG00000170927	PKHD1	0.2414733458270222	3.787961675262718	3.6513386
242	ENSG00000071991	CDH19	0.2758731957432472	3.7813496167781087	3.6397197
243	ENSG00000186081	KRT5	0.24566672101802145	3.7811259309908922	3.6393266
244	ENSG00000166670	MMP10	0.07271279163953058	4.225360981494599	3.63804
245	ENSG00000108821	COL1A1	0.19339100491883507	4.221077256096653	3.632175
246	ENSG00000111245	MYL2	0.26269583283074704	3.7758399003015777	3.6300378
247	ENSG00000188100	FAM25A	0.0028216288180645467	4.2180111823905	3.6279771
248	ENSG00000159251	ACTC1	0.22268755792580489	4.21771258643628	3.6275682
249	ENSG00000256892	MTRNR2L7	0.03410621432209391	4.211787019502801	3.6194553
250	ENSG00000182853	VMO1	0.29005948730529696	3.7677105424619914	3.6157527
251	ENSG00000205426	KRT81	0.036103710178842244	4.194315417179158	3.5955346
252	ENSG00000102837	OLFM4	0.044866773162693434	4.185762681717757	3.5838246
253	ENSG00000277632	CCL3	0.8466186896936168	4.470151499104059	3.5755172
254	ENSG00000205358	MT1H	0.21409245955524678	4.176048728509345	3.570525
255	ENSG00000143536	CRNN	0.007413102885007546	4.17198694306971	3.5649638
256	ENSG00000124491	F13A1	0.32094635139499145	3.733882240895453	3.5563087
257	ENSG00000081041	CXCL2	0.7187565512775459	4.4449863772138665	3.538249
258	ENSG00000175084	DES	0.22133855126199486	4.1346381186686845	3.5138283
259	ENSG00000168925	CTRB1	0.004409201087986708	4.133808626269912	3.5126927
260	ENSG00000085276	MECOM	0.605451814679673	4.008419126815221	3.5032337
261	ENSG00000108688	CCL7	0.036764865622203054	4.1226279585544745	3.4973848
262	ENSG00000196565	HBG2	1.9952383473538782	8.319834958836566	3.4942656
263	ENSG00000205362	MT1A	0.20198089051327062	4.115416394353515	3.4875112
264	ENSG00000163825	RTP3	0.03449366770830083	4.11270243972472	3.4837954
265	ENSG00000163993	S100P	0.33153933947001873	3.6912503476266374	3.481395
266	ENSG00000164266	SPINK1	0.18839477474693764	4.109368174372939	3.4792304
267	ENSG00000175077	RTP1	0.03806100424746702	4.1082212755538015	3.4776602
268	ENSG00000115641	FHL2	0.5288205546053744	3.9924780764526866	3.477366
269	ENSG00000101335	MYL9	0.523866830089206	3.991672731688506	3.4760592
270	ENSG00000163751	CPA3	0.11192243551139341	4.104773070597808	3.472939
271	ENSG00000110799	VWF	0.40073179496691325	3.683268008361897	3.4673684
272	ENSG00000137673	MMP7	0.10857117134418624	4.099597566812868	3.4658532
273	ENSG00000118972	FGF23	0.40137244401855043	3.6722842232248136	3.4480674
274	ENSG00000164692	COL1A2	0.24595856963111282	3.6633253042780987	3.4323246
275	ENSG00000143171	RXRG	0.06701974679698323	4.073373638703089	3.429949
276	ENSG00000123689	G0S2	0.6814189947767876	4.3627087665454365	3.4164
277	ENSG00000126233	SLURP1	0.008820758776866621	4.063001587780172	3.4157484
278	ENSG00000136546	SCN7A	0.28845508946663756	3.652332437078268	3.4130077
279	ENSG00000102076	OPN1LW	0.01190440444321711	4.0597664703620016	3.411319
280	ENSG00000131400	NAPSA	0.2663827807003142	3.6496729363462737	3.4083343
281	ENSG00000198467	TPM2	0.4623949275489155	3.9460381323160822	3.4020073
282	ENSG00000163638	ADAMTS9	0.335438465241643	3.6413757721774984	3.3937542
283	ENSG00000102755	FLT1	0.3213856374838209	3.6372096889537584	3.3864336
284	ENSG00000196415	PRTN3	0.011212683670107707	4.039084458671634	3.3830025
285	ENSG00000168497	CAVIN2	0.3492797074653694	3.634794722767212	3.38219
286	ENSG00000117983	MUC5B	0.031868810625346515	4.035557978444254	3.3781743
287	ENSG00000169704	GP9	0.08007154980356652	4.032267544206664	3.3736694
288	ENSG00000169715	MT1E	0.6606957020532437	3.9224805599830668	3.3637803
289	ENSG00000184530	C6orf58	0.008888420226391167	4.022982101323686	3.3609562
290	ENSG00000125538	IL1B	0.8386146018889743	4.3195054730695785	3.352418
291	ENSG00000118523	CCN2	0.29639835987686375	3.615857090611486	3.3489122
292	ENSG00000146674	IGFBP3	0.24172858276223885	3.6112800367415017	3.3408694
293	ENSG00000184330	S100A7A	0.027966218429251764	4.006585328765814	3.338507
294	ENSG00000171209	CSN3	0.002050036913072054	4.0051491251705675	3.3365405
295	ENSG00000189001	SBSN	0.02644265450943026	3.990947568224924	3.3170967
296	ENSG00000171557	FGG	0.021825892560537248	3.9897164018422657	3.315411
297	ENSG00000196420	S100A5	0.04056534190786304	3.9894727422416256	3.3150775
298	ENSG00000171346	KRT15	0.21478721267148027	3.9874448955464326	3.3123012
299	ENSG00000213088	ACKR1	0.21480124382352422	3.9867022596517807	3.3112843
300	ENSG00000026036	RTEL1-TNFRSF6B	0.03671217739469838	3.9848628971546756	3.3087661
301	ENSG00000134551	PRH2	0.015363913093781243	3.984572607650334	3.3083687
302	ENSG00000139329	LUM	0.13783984580647934	3.9845132801877288	3.3082874
303	ENSG00000115414	FN1	0.6221640428533204	3.880866167072555	3.296252
304	ENSG00000047617	ANO2	0.4058340802314349	3.5821320016638203	3.2896497
305	ENSG00000100985	MMP9	0.08732941870196285	3.9700657762979588	3.2885067
306	ENSG00000188107	EYS	0.5194809898849112	3.875110698953729	3.2869127
307	ENSG00000118194	TNNT2	0.29569011385529576	3.5798422826449228	3.2856262
308	ENSG00000120937	NPPB	0.06888167558100605	3.9675163728294933	3.2850163
309	ENSG00000256713	PGA5	0.006562830502150964	3.966375542428084	3.2834544
310	ENSG00000254656	RTL1	0.04936089137592749	3.9538593103552353	3.266318
311	ENSG00000138798	EGF	0.1018737732328693	3.951722364803486	3.2633922
312	ENSG00000133710	SPINK5	0.05952913864606577	3.9510592334653394	3.2624843
313	ENSG00000167748	KLK1	0.051433158020176666	3.941132550375252	3.2488933
314	ENSG00000155026	RSPH10B	0.03814285995562184	3.935612922684294	3.2413363
315	ENSG00000114349	GNAT1	0.1930731721024841	3.930092355174768	3.2337778
316	ENSG00000124233	SEMG1	0.005224051725560669	3.927588332075114	3.2303495
317	ENSG00000189058	APOD	0.3638379249785614	3.5468861662520563	3.227715
318	ENSG00000102962	CCL22	0.01879852074743662	3.925124781085981	3.2269766
319	ENSG00000127472	PLA2G5	0.2208011835005453	3.9191958520879147	3.218859
320	ENSG00000144407	PTH2R	0.26185697881863795	3.5376742282958737	3.2115276
321	ENSG00000189056	RELN	0.350812748178558	3.5355695773721174	3.2078292
322	ENSG00000159516	SPRR2G	0.001194156592630802	3.905952654568397	3.2007275
323	ENSG00000136689	IL1RN	0.22953261374276218	3.5296712239711296	3.1974645
324	ENSG00000132465	JCHAIN	2.5077744131018846	7.457097429012955	3.1968274
325	ENSG00000100362	PVALB	0.1288806221637311	3.9030912654474754	3.1968098
326	ENSG00000100253	MIOX	0.0890159581035321	3.8998081022249456	3.1923146
327	ENSG00000187094	CCK	0.3706603306464938	3.525588579898272	3.1902905
328	ENSG00000172987	HPSE2	0.24530160962396708	3.525375831802651	3.1899166
329	ENSG00000100292	HMOX1	0.5801585251774519	3.815254692368765	3.1897836
330	ENSG00000145192	AHSG	0.008502968259884511	3.8978801430865806	3.189675
331	ENSG00000133742	CA1	0.11581105842806014	3.896688428238366	3.1880434
332	ENSG00000188282	RUFY4	0.046052553769946804	3.8880425914036922	3.176206
333	ENSG00000197919	IFNA1	0.00035342196301490293	3.883660955804223	3.170207
334	ENSG00000169783	LINGO1	0.4492804946812502	3.5134654550249182	3.1689875
335	ENSG00000129535	NRL	0.22343751674782128	3.880124892317048	3.1653657
336	ENSG00000229314	ORM1	0.021262027703075698	3.8762746773208026	3.1600943
337	ENSG00000204305	AGER	0.09676028621284273	3.8723966124477487	3.1547847
338	ENSG00000126545	CSN1S1	0.0030141551425626398	3.8691356906937107	3.15032
339	ENSG00000265203	RBP3	0.04729484710810653	3.862066562328717	3.1406415
340	ENSG00000135222	CSN2	0.002306693956092322	3.858085581254659	3.135191
341	ENSG00000259823	LYPD8	0.01653579920810412	3.85685397011469	3.1335046
342	ENSG00000143369	ECM1	0.06111071055357249	3.8554023916497298	3.1315174
343	ENSG00000113140	SPARC	0.5825969544060334	3.776394605865887	3.126725
344	ENSG00000143185	XCL2	0.27137826481328725	3.4887124812968597	3.125491
345	ENSG00000124882	EREG	0.2974096752615666	3.485716694573439	3.1202266
346	ENSG00000013297	CLDN11	0.5267036245167372	3.7649716814517546	3.1081889
347	ENSG00000203782	LORICRIN	0.007549903949916407	3.826025496105966	3.0912964
348	ENSG00000122367	LDB3	0.3810445916300923	3.4608172456040065	3.0764728
349	ENSG00000138670	RASGEF1B	0.6767417170928791	3.7448580053770284	3.07555
350	ENSG00000124107	SLPI	1.2164545657874948	5.502591989860739	3.0597615
351	ENSG00000189182	KRT77	0.0014813432494862181	3.7970146702710017	3.0515766
352	ENSG00000166920	C15orf48	0.467926365853474	3.7279606649861403	3.0481305
353	ENSG00000127920	GNG11	0.44179667330831973	3.443499528945045	3.0460417
354	ENSG00000183747	ACSM2A	0.09574019947011056	3.7910980356221766	3.043476
355	ENSG00000163810	TGM4	0.003956921782892585	3.7904374669895526	3.0425715
356	ENSG00000106302	HYAL4	0.02645470946973954	3.7881800293844394	3.039481
357	ENSG00000228716	DHFR	0.2162348609689599	3.7852356368486535	3.0354497
358	ENSG00000149968	MMP3	0.013869251578542387	3.7821752608662798	3.0312595
359	ENSG00000257017	HP	0.0950116281406525	3.781001254837613	3.029652
360	ENSG00000175535	PNLIP	0.0024490212168679242	3.7787940357830423	3.0266302
361	ENSG00000131095	GFAP	0.19546007313828412	3.7738432030575004	3.019852
362	ENSG00000115590	IL1R2	0.19399399448013674	3.7736494780088883	3.0195866
363	ENSG00000029559	IBSP	0.04964988576808272	3.7716488854533257	3.0168476
364	ENSG00000203867	RBM20	0.27794906689266924	3.421248174311145	3.006941
365	ENSG00000159173	TNNI1	0.031107820818681447	3.7602014504570653	3.0011744
366	ENSG00000115705	TPO	0.08057432279140252	3.7583436433465915	2.998631
367	ENSG00000256618	MTRNR2L1	0.6006922977476913	3.686675995666089	2.9811375
368	ENSG00000168314	MOBP	0.44840216559879614	3.399220355034229	2.9682333
369	ENSG00000120500	ARR3	0.034520918518510225	3.734586976489617	2.966105
370	ENSG00000066813	ACSM2B	0.08147457866215235	3.7323477909591207	2.9630392
371	ENSG00000204420	MPIG6B	0.07218213163080327	3.7314565521903726	2.961819
372	ENSG00000228083	IFNA14	0.00020353474906821455	3.719853905914988	2.9459333
373	ENSG00000213853	EMP2	0.32954905262853573	3.3863078978872077	2.9455433
374	ENSG00000167434	CA4	0.16205993247322004	3.7164010657677933	2.941206
375	ENSG00000129116	PALLD	0.6922397071761831	4.036002580566103	2.9325645
376	ENSG00000165828	PRAP1	0.10099187508249251	3.7079981564814455	2.9297013
377	ENSG00000196569	LAMA2	1.0475111288187902	4.698486594124066	2.9271336
378	ENSG00000198691	ABCA4	0.25095400652318456	3.3735799385654643	2.9231772
379	ENSG00000168484	SFTPC	1.8918955682366292	7.493871900897193	2.9038692
380	ENSG00000081051	AFP	0.016028627122170253	3.687962224773776	2.9022694
381	ENSG00000204880	KRTAP4-8	0.0001796848274381245	3.686216326086912	2.899879
382	ENSG00000145423	SFRP2	0.03496893791826522	3.6858641222560315	2.8993967
383	ENSG00000004799	PDK4	0.6334393299322223	3.636248716265049	2.8993087
384	ENSG00000107317	PTGDS	0.8552365200527382	4.0126149373030255	2.8979285
385	ENSG00000277586	NEFL	0.23299543398819314	3.3579016503027557	2.895627
386	ENSG00000167656	LY6D	0.09772490102186557	3.680198220171309	2.8916395
387	ENSG00000147606	SLC26A7	0.040460838008394846	3.6778513162909814	2.888426
388	ENSG00000143184	XCL1	0.19967091757056052	3.6722690518604604	2.8807833
389	ENSG00000178597	PSAPL1	0.0053205022204037234	3.6695772702317617	2.8770978
390	ENSG00000187242	KRT12	0.004086224816810332	3.6681915292453975	2.8752007
391	ENSG00000262406	MMP12	0.011828483994226603	3.668012596427891	2.8749557
392	ENSG00000132026	RTBDN	0.08176790512082921	3.661099905979828	2.8654912
393	ENSG00000007306	CEACAM7	0.026031569640021755	3.6469711782031125	2.846147
394	ENSG00000143546	S100A8	3.257623295313907	6.450038593578309	2.8445857
395	ENSG00000169218	RSPO1	0.030140453074570896	3.6439237672184945	2.8419747
396	ENSG00000198336	MYL4	0.07343438796895307	3.643407176295577	2.8412676
397	ENSG00000092054	MYH7	0.18157683276320288	3.643031423867338	2.840753
398	ENSG00000147488	ST18	0.8588337418521624	3.9719022540724356	2.837635
399	ENSG00000183034	OTOP2	0.0029565242997664893	3.639761754659105	2.8362765
400	ENSG00000185479	KRT6B	0.050282593473262395	3.6391474108424338	2.8354354
401	ENSG00000101443	WFDC2	1.3102956700475568	5.283368447529378	2.8318367
402	ENSG00000111834	RSPH4A	0.05350472503283823	3.6304742486958914	2.8235607
403	ENSG00000160472	TMEM190	0.06474353026952322	3.627596793634243	2.819621
404	ENSG00000184956	MUC6	0.036178958605872696	3.6262980396366316	2.817843
405	ENSG00000124939	SCGB2A1	0.06316020395058312	3.623590616592771	2.814136
406	ENSG00000176887	SOX11	0.14483355725697852	3.622071760588063	2.8120565
407	ENSG00000198840	MT-ND3	3.4899042999800067	4.853831918373172	2.8000777
408	ENSG00000212721	KRTAP4-11	0.0006512889951476139	3.6081841897384352	2.7930427
409	ENSG00000165507	DEPP1	0.20341306379498517	3.604129807804665	2.7874916
410	ENSG00000089356	FXYD3	0.36576735736361987	3.295302849561497	2.7856271
411	ENSG00000155657	TTN	1.1868753462699286	5.234011066977115	2.7805202
412	ENSG00000107611	CUBN	0.17693087656746614	3.596162677295144	2.7765834
413	ENSG00000169908	TM4SF1	0.983060953558566	4.573624025299513	2.7745416
414	ENSG00000164283	ESM1	0.039261047685482414	3.5942202956832214	2.773924
415	ENSG00000132693	CRP	0.0031449005979403456	3.590652097280254	2.769039
416	ENSG00000169469	SPRR1B	0.020223883429278732	3.5902626456360003	2.7685056
417	ENSG00000186652	PRG2	0.0044930741607089614	3.587210845935783	2.7643273
418	ENSG00000133063	CHIT1	0.027033620383712015	3.582261842461049	2.7575514
419	ENSG00000176907	TCIM	0.326958168282447	3.2771255146454323	2.7536855
420	ENSG00000215568	GAB4	0.019157814984127025	3.576202897735686	2.749256
421	ENSG00000243480	AMY2A	0.0015253837925645053	3.574932970631178	2.747517
422	ENSG00000049540	ELN	0.1567821638002207	3.5743009343892136	2.746652
423	ENSG00000173991	TCAP	0.1521874077973717	3.574196983046083	2.7465096
424	ENSG00000104435	STMN2	0.6905762046684025	3.9101021073979765	2.746112
425	ENSG00000122870	BICC1	0.4494590377533242	3.27275959094744	2.7460134
426	ENSG00000198854	C1orf68	0.0013973387721532664	3.5690494624733207	2.739462
427	ENSG00000166292	TMEM100	0.07563165575462569	3.567075663859887	2.7367594
428	ENSG00000124237	C20orf85	0.08822063523353932	3.5665636342589284	2.7360585
429	ENSG00000116690	PRG4	0.011829396831517278	3.5656261638976643	2.734775
430	ENSG00000172572	PDE3A	0.5627088784605918	3.5336007147882302	2.7327406
431	ENSG00000182010	RTKN2	0.16766446006188607	3.564107740874191	2.732696
432	ENSG00000164199	ADGRV1	0.4665196783725809	3.5331899470331987	2.732074
433	ENSG00000189334	S100A14	0.3455078215705983	3.2616779443729915	2.7265406
434	ENSG00000135480	KRT7	0.41525682050758883	3.261336122820222	2.72594
435	ENSG00000172156	CCL11	0.00492029340504386	3.5573916374500314	2.7235007
436	ENSG00000101282	RSPO4	0.053335309867369333	3.55648259267982	2.7222562
437	ENSG00000129538	RNASE1	0.7992691663819479	3.8925417846418138	2.7201061
438	ENSG00000106278	PTPRZ1	0.548390482085112	3.523806237566866	2.716847
439	ENSG00000176679	TGIF2LY	0.00016281871447698697	3.54559893137663	2.707355
440	ENSG00000124157	SEMG2	0.0028690648387275372	3.543384748976426	2.7043235
441	ENSG00000134222	PSRC1	0.09456983355691109	3.542203110498147	2.7027056
442	ENSG00000167244	IGF2	0.06706920345823461	3.541167861232542	2.7012882
443	ENSG00000162614	NEXN	0.3665180705187514	3.24412306664508	2.6956928
444	ENSG00000187193	MT1X	1.0212606229882737	4.508856135572115	2.69539
445	ENSG00000104327	CALB1	0.08356408218737445	3.533609018217697	2.6909392
446	ENSG00000105519	CAPS	0.1883704164384278	3.5282309165377232	2.6835759
447	ENSG00000114315	HES1	0.4115117964049822	3.237069834483777	2.6832986
448	ENSG00000142623	PADI1	0.00657041377664935	3.525036226624554	2.6792018
449	ENSG00000073756	PTGS2	0.2099572573406666	3.5246616455935076	2.678689
450	ENSG00000124253	PCK1	0.10575958066875688	3.523768307337561	2.677466
451	ENSG00000164741	DLC1	0.9022606881894792	3.862230899282685	2.6752172
452	ENSG00000123388	HOXC11	0.019807115536851317	3.519478938508225	2.6715932
453	ENSG00000123560	PLP1	1.0445816070328462	4.486966889047948	2.6686397
454	ENSG00000131477	RAMP2	0.24367567641266177	3.228628424691312	2.6684651
455	ENSG00000124391	IL17C	0.0034351021180651794	3.5137001314106926	2.6636813
456	ENSG00000243955	GSTA1	0.19782534872949034	3.511826800142985	2.6611164
457	ENSG00000109846	CRYAB	0.5895222950015548	3.4890107720466226	2.660384
458	ENSG00000108576	SLC6A4	0.04430886668566117	3.5052133129587544	2.6520617
459	ENSG00000129221	AIPL1	0.2204696517108139	3.5050565079085514	2.6518471
460	ENSG00000112936	C7	0.15680440469479548	3.500339319623687	2.6453886
461	ENSG00000173080	RXFP4	0.018719500453302045	3.498584642878035	2.642986
462	ENSG00000203786	KPRP	0.00027472717313325453	3.496641809255325	2.6403263
463	ENSG00000255823	MTRNR2L8	1.124122227390796	4.461576298360965	2.6376104
464	ENSG00000100234	TIMP3	0.7266447784851194	3.836330277503845	2.6368597
465	ENSG00000048545	GUCA1A	0.10913156749579571	3.489996062546957	2.6312273
466	ENSG00000105825	TFPI2	0.09514257229153592	3.489711487130769	2.6308377
467	ENSG00000276409	CCL14	0.06519991962678173	3.48765393992481	2.6280205
468	ENSG00000133110	POSTN	0.14952704631608058	3.483692400274887	2.6225967
469	ENSG00000164287	CDC20B	0.00794995674871128	3.4826800280932053	2.6212106
470	ENSG00000143452	HORMAD1	0.029947000652687038	3.4813527085555083	2.6193933
471	ENSG00000164330	EBF1	0.4030739405504915	3.199941606018442	2.618056
472	ENSG00000138755	CXCL9	0.044927960037398074	3.477922953310689	2.6146975
473	ENSG00000186442	KRT3	0.00214089871995216	3.476771921309262	2.6131217
474	ENSG00000146678	IGFBP1	0.005632285138398567	3.4722082398597833	2.6068733
475	ENSG00000070729	CNGB1	0.2729010323940384	3.1895179595210923	2.5997393
476	ENSG00000260314	MRC1	0.3262259277944091	3.1853703768208006	2.592451
477	ENSG00000115263	GCG	0.004314788972876271	3.458975347020067	2.5887558
478	ENSG00000133048	CHI3L1	0.1037756027457995	3.457297194593154	2.5864582
479	ENSG00000159189	C1QC	0.8848081350386053	3.8019097781989157	2.5858846
480	ENSG00000205038	PKHD1L1	0.06545390278934168	3.45658738685692	2.5854864
481	ENSG00000108602	ALDH3A1	0.20535317987114463	3.455943176840153	2.5846043
482	ENSG00000240583	AQP1	0.25202050974888984	3.1784003754803214	2.5802033
483	ENSG00000148671	ADIRF	0.6861242378734153	3.7966462868047532	2.5780897
484	ENSG00000110680	CALCA	0.005833477396244913	3.45016888139052	2.5766985
485	ENSG00000118849	RARRES1	0.21250884337085627	3.4490161147392224	2.5751202
486	ENSG00000162747	FCGR3B	0.05736074469179356	3.44780156191999	2.5734572
487	ENSG00000078401	EDN1	0.15365306698893885	3.4395438916401244	2.5621514
488	ENSG00000135047	CTSL	0.6332912792548181	3.4270475991496587	2.5598357
489	ENSG00000091879	ANGPT2	0.28555782533702295	3.16441948218565	2.5556357
490	ENSG00000146374	RSPO3	0.08736493758736387	3.4335382928871767	2.553929
491	ENSG00000160307	S100B	0.40373936749444256	3.1626918288461634	2.5526
492	ENSG00000156194	PPEF2	0.21722976509964972	3.428936480794877	2.5476286
493	ENSG00000204544	MUC21	0.009861103772297057	3.4267794394811317	2.5446754
494	ENSG00000270672	MTRNR2L6	0.17213579923237263	3.4253953152280063	2.5427802
495	ENSG00000109321	AREG	0.964517074192886	4.383722838692672	2.5424674
496	ENSG00000137801	THBS1	0.5272556424993357	3.4145090096168227	2.539489
497	ENSG00000144229	THSD7B	0.40392568837663634	3.1537455818803077	2.5368793
498	ENSG00000105697	HAMP	0.13223948373630515	3.418722701196419	2.5336444
499	ENSG00000111644	ACRBP	0.064977169140474	3.415646077109106	2.5294323
500	ENSG00000143632	ACTA1	0.1328249085529144	3.415505283933047	2.5292394
501	ENSG00000115457	IGFBP2	0.4181526759274804	3.1481282538946793	2.5270085
502	ENSG00000149534	MS4A2	0.04033095029590005	3.412920130080411	2.5257
503	ENSG00000212901	KRTAP3-1	0.0011129809163890302	3.41076692444236	2.522752
504	ENSG00000038945	MSR1	0.3971104051348017	3.1447314550182686	2.5210395
505	ENSG00000004939	SLC4A1	0.05438489702629945	3.4078983439857202	2.5188246
506	ENSG00000180573	H2AC6	0.380430384376074	3.1418492004565906	2.5159748
507	ENSG00000114854	TNNC1	0.11494490073768264	3.4049122683952686	2.5147362
508	ENSG00000170421	KRT8	0.6509285437866272	3.3975679102757477	2.5119987
509	ENSG00000042781	USH2A	0.2349194130189858	3.13528233027183	2.5044353
510	ENSG00000164120	HPGD	0.24277899852198145	3.1349879560760607	2.503918
511	ENSG00000154734	ADAMTS1	0.25056345542898684	3.132244638020918	2.4990973
512	ENSG00000105388	CEACAM5	0.12384777989056522	3.3864744118277206	2.4894922
513	ENSG00000184292	TACSTD2	0.49972140508820734	3.3835291877175706	2.4892178
514	ENSG00000065534	MYLK	0.2804208770737305	3.12589500366816	2.4879396
515	ENSG00000140519	RHCG	0.042027449356493746	3.3852465211917564	2.487811
516	ENSG00000119922	IFIT2	0.2404663028049631	3.1244986334000657	2.485486
517	ENSG00000141338	ABCA8	0.32408895216235045	3.1239626769692213	2.484544
518	ENSG00000165682	CLEC1B	0.03173640486344592	3.382652460589422	2.4842596
519	ENSG00000115602	IL1RL1	0.06569473433874837	3.3818951905483923	2.4832227
520	ENSG00000189143	CLDN4	0.35173107386797836	3.1201485180868356	2.4778419
521	ENSG00000019169	MARCO	0.33432202647099474	3.1192667843842603	2.4762924
522	ENSG00000175793	SFN	0.22284812467658277	3.3748708273621073	2.4736054
523	ENSG00000232196	MTRNR2L4	0.02453853508281797	3.3748005880065506	2.4735093
524	ENSG00000096006	CRISP3	0.007199756018327858	3.374393161238042	2.4729514
525	ENSG00000069482	GAL	0.014428181859788402	3.3733189177806087	2.4714806
526	ENSG00000204449	TRIM49C	0.0001801940372551728	3.37249848102001	2.4703574
527	ENSG00000099958	DERL3	0.21248623004442377	3.3719341327230614	2.4695847
528	ENSG00000116183	PAPPA2	0.08191023950108987	3.371786582272292	2.4693828
529	ENSG00000132703	APCS	0.0025230543811133395	3.3716842159508946	2.4692426
530	ENSG00000163554	SPTA1	0.012879302277236986	3.3710550148547678	2.4683812
531	ENSG00000187416	LHFPL3	0.7883901121221143	3.721325073918237	2.4665427
532	ENSG00000079215	SLC1A3	0.6398334115871723	3.3650132376576445	2.4591718
533	ENSG00000187908	DMBT1	0.03564493997665846	3.362593388410869	2.456796
534	ENSG00000163687	DNASE1L3	0.08460828926570371	3.3613845756655416	2.455141
535	ENSG00000244067	GSTA2	0.06528123870477703	3.3608113560002124	2.4543562
536	ENSG00000167916	KRT24	0.00826473450698617	3.3599540273955553	2.4531822
537	ENSG00000258366	RTEL1	0.08415713815309893	3.3598067121639943	2.4529808
538	ENSG00000185499	MUC1	0.3019044850606006	3.0974201202557956	2.437903
539	ENSG00000164035	EMCN	0.22573852100825498	3.348710614243023	2.4377885
540	ENSG00000197893	NRAP	0.07062649854575204	3.3486957020092416	2.4377682
541	ENSG00000185633	NDUFA4L2	0.12619624854308678	3.3436881077883704	2.430912
542	ENSG00000104267	CA2	0.31336997149616547	3.092143567392243	2.4286308
543	ENSG00000109272	PF4V1	0.03277419067416496	3.3412369599161926	2.4275563
544	ENSG00000181374	CCL13	0.018647906158503497	3.337071639441126	2.4218533
545	ENSG00000143520	FLG2	0.0037496926835557864	3.331250073778486	2.4138827
546	ENSG00000161911	TREML1	0.057810882332919325	3.3307929506616745	2.413257
547	ENSG00000127324	TSPAN8	0.1953035613299068	3.3273294047902864	2.408515
548	ENSG00000130300	PLVAP	0.1556829495330065	3.322600178058983	2.40204
549	ENSG00000138722	MMRN1	0.0850988214350708	3.322543861692388	2.4019628
550	ENSG00000122584	NXPH1	0.6441383041490097	3.3294264918183987	2.401425
551	ENSG00000164400	CSF2	0.01593123967586214	3.3199447565857385	2.3984044
552	ENSG00000073754	CD5L	0.02717277074614853	3.319875491325976	2.3983095
553	ENSG00000197632	SERPINB2	0.062518727697402	3.317544051180734	2.3951175
554	ENSG00000162631	NTNG1	0.433508837182924	3.069792787992219	2.3893554
555	ENSG00000186907	RTN4RL2	0.06717423038947146	3.3131804721583586	2.389143
556	ENSG00000158488	CD1E	0.13389928595377218	3.313106051146147	2.3890412
557	ENSG00000134531	EMP1	0.38891555365540753	3.0695658041350433	2.3889568
558	ENSG00000111215	PRR4	0.11821481701039616	3.311951190918235	2.38746
559	ENSG00000147246	HTR2C	0.31232527437159374	3.0682364288413684	2.3866208
560	ENSG00000163435	ELF3	0.4418405942208426	3.0676406960407534	2.3855739
561	ENSG00000183036	PCP4	0.2516587473759864	3.0639772257718767	2.3791363
562	ENSG00000216490	IFI30	0.8435789479016226	3.655405520454982	2.3689191
563	ENSG00000106927	AMBP	0.010670219372453415	3.2983044830881707	2.3687758
564	ENSG00000138135	CH25H	0.17417767646653268	3.295624136260092	2.365106
565	ENSG00000091513	TF	0.44009873081058093	3.053073296664798	2.3599756
566	ENSG00000041982	TNC	0.14896628477804186	3.289295804066393	2.3564417
567	ENSG00000160339	FCN2	0.002908483999242579	3.2886727448035074	2.3555887
568	ENSG00000108702	CCL1	0.00100427018017388	3.2883205380973113	2.3551066
569	ENSG00000185774	KCNIP4	2.9153807965095946	4.848114022524102	2.352063
570	ENSG00000164399	IL3	0.0007020054514928091	3.283672658697677	2.348743
571	ENSG00000116703	PDC	0.18098932692032393	3.2835625604092735	2.3485923
572	ENSG00000154262	ABCA6	0.2871013511082606	3.044565577553617	2.3450258
573	ENSG00000186350	RXRA	0.281367243044518	3.0439493839743514	2.3439429
574	ENSG00000162366	PDZK1IP1	0.15057253670922252	3.278482963985834	2.3416376
575	ENSG00000111057	KRT18	0.6493488576783704	3.291474546957775	2.3398397
576	ENSG00000250722	SELENOP	0.745233436354617	3.6331897989741173	2.3360188
577	ENSG00000165810	BTNL9	0.21443266480516518	3.2737188968002386	2.335115
578	ENSG00000206073	SERPINB4	0.05727971241811378	3.2727263704036496	2.333756
579	ENSG00000172889	EGFL7	0.34280682564035414	3.0368671530010136	2.331498
580	ENSG00000147454	SLC25A37	0.6442168085664386	3.285360170668464	2.329918
581	ENSG00000187498	COL4A1	0.3795761935584619	3.035721450176318	2.3294847
582	ENSG00000105974	CAV1	0.5316089832284102	3.2845379111884605	2.3285835
583	ENSG00000169248	CXCL11	0.02651385644389919	3.268482023798913	2.327945
584	ENSG00000065054	SLC9A3R2	0.2928004048524264	3.031822863038429	2.322634
585	ENSG00000198471	RTP2	0.014641241721572846	3.26422521732975	2.3221169
586	ENSG00000150681	RGS18	0.19017062580202215	3.260864922100812	2.317516
587	ENSG00000135744	AGT	0.09553195905326275	3.2607565550120876	2.3173678
588	ENSG00000249860	MTRNR2L5	0.0036476163133103076	3.2604891103915703	2.3170016
589	ENSG00000167779	IGFBP6	0.10624753749753857	3.260263954437203	2.3166933
590	ENSG00000125780	TGM3	0.0064105426030305465	3.2582769210600446	2.3139727
591	ENSG00000219073	CELA3B	0.003693291871648126	3.252909271683852	2.3066237
592	ENSG00000133454	MYO18B	0.1400618007530786	3.251948541864113	2.3053083
593	ENSG00000185069	KRT76	0.0015656002932671763	3.2504536018877124	2.3032615
594	ENSG00000165272	AQP3	0.6344507068677775	3.2657830455426593	2.2981498
595	ENSG00000197616	MYH6	0.0639025265520663	3.245321748773467	2.2962356
596	ENSG00000146147	MLIP	0.5189262594075104	3.2638440823539066	2.2950034
597	ENSG00000088726	TMEM40	0.05495188777808469	3.244027706700317	2.2944636
598	ENSG00000160188	RSPH1	0.130391692690156	3.243992735532624	2.294416
599	ENSG00000198515	CNGA1	0.15672357400417045	3.2409908385418795	2.2903059
600	ENSG00000153093	ACOXL	0.06251774782803124	3.2401034830138142	2.2890909
601	ENSG00000196616	ADH1B	0.08395294175510262	3.2389049872523206	2.28745
602	ENSG00000124568	SLC17A1	0.04319218398873626	3.235455117131355	2.2827268
603	ENSG00000215277	RNF212B	0.03746147745242378	3.2339092473091844	2.2806103
604	ENSG00000113721	PDGFRB	0.19349000032855068	3.2318169229590037	2.2777455
605	ENSG00000181143	MUC16	0.14938439349502172	3.2317947781346077	2.2777152
606	ENSG00000100721	TCL1A	0.3209046531106585	3.0061914905432943	2.2775939
607	ENSG00000174640	SLCO2A1	0.11155894375933774	3.2314874135444547	2.2772944
608	ENSG00000049323	LTBP1	0.3129784342624946	3.005647210839907	2.2766376
609	ENSG00000166825	ANPEP	0.27798837367325163	3.0029552125958068	2.271907
610	ENSG00000198838	RYR3	0.5479533415044305	3.2466960943854186	2.2671773
611	ENSG00000117318	ID3	0.6286302775059169	3.246007043175648	2.2660592
612	ENSG00000144035	NAT8	0.04209425810256361	3.2222157699180003	2.2646003
613	ENSG00000112394	SLC16A10	0.2882479538910625	2.9984228868969094	2.2639427
614	ENSG00000117472	TSPAN1	0.24586724412728053	2.99591427406661	2.2595346
615	ENSG00000234906	APOC2	0.11281722934922346	3.216577510006821	2.2568808
616	ENSG00000187516	H2AP	0.0046093348263233375	3.2153937669590142	2.25526
617	ENSG00000109107	ALDOC	0.21758376854303174	3.2132642219332084	2.2523444
618	ENSG00000179902	C1orf194	0.05644940158632783	3.208853837836099	2.246306
619	ENSG00000105664	COMP	0.006582238817034873	3.2082879138936127	2.245531
620	ENSG00000148942	SLC5A12	0.05627182295182324	3.20779414981319	2.2448552
621	ENSG00000174567	GOLT1A	0.04712307178566099	3.201042312982849	2.235611
622	ENSG00000113088	GZMK	0.6066652691296773	3.2245255762554375	2.231201
623	ENSG00000171431	KRT20	0.0694060320214219	3.1973590663066265	2.2305682
624	ENSG00000161249	DMKN	0.15500597753954282	3.192650937174956	2.224122
625	ENSG00000105889	STEAP1B	0.2022499846185224	3.1918070846344415	2.2229667
626	ENSG00000104918	RETN	0.3050921535661982	2.9740986895486317	2.2211998
627	ENSG00000160678	S100A1	0.18165292494383423	3.1898816679137503	2.2203305
628	ENSG00000119888	EPCAM	0.3355083134723848	2.973477265178852	2.2201078
629	ENSG00000198899	MT-ATP6	3.6114378138401437	4.619095664057405	2.2189364
630	ENSG00000169194	IL13	0.010001269188721448	3.1876940485271077	2.2173355
631	ENSG00000131016	AKAP12	0.4459559335503533	2.9712337346575657	2.2161653
632	ENSG00000164309	CMYA5	0.3020606345047258	2.9710141508909427	2.2157795
633	ENSG00000135406	PRPH	0.022388823033879755	3.1856417392855283	2.2145255
634	ENSG00000170893	TRH	0.015355410309835444	3.184504818276984	2.2129688
635	ENSG00000205678	TECRL	0.15040738606725643	3.1837142926808095	2.2118866
636	ENSG00000125730	C3	0.40387278801496	2.9677051594035726	2.2099648
637	ENSG00000244094	SPRR2F	0.03533785029995422	3.1822244125233756	2.2098467
638	ENSG00000175183	CSRP2	0.23121715790373368	2.964274876017934	2.203937
639	ENSG00000185736	ADARB2	1.0430412484796914	4.104259210945875	2.2009404
640	ENSG00000148655	LRMDA	0.8573880039402318	3.5418501302377408	2.2007494
641	ENSG00000140287	HDC	0.029332563407312096	3.1740670889864275	2.1986783
642	ENSG00000147588	PMP2	0.08306477660326202	3.1735596206991024	2.1979835
643	ENSG00000164056	SPRY1	0.3418905377089175	2.958315772483965	2.1934655
644	ENSG00000205502	C2CD4B	0.10291133222911686	3.169092419637423	2.1918674
645	ENSG00000130208	APOC1	1.2566634868812905	4.66591309827683	2.1898735
646	ENSG00000077942	FBLN1	0.12588452434461106	3.1616053725357496	2.1816165
647	ENSG00000173267	SNCG	0.2649772460721538	2.95055387461897	2.1798263
648	ENSG00000146469	VIP	0.07184372423934553	3.153227923730147	2.1701467
649	ENSG00000134259	NGF	0.07285174986095402	3.1521409976045685	2.1686585
650	ENSG00000189108	IL1RAPL2	0.3817838726586547	2.9439239569111777	2.168176
651	ENSG00000177414	UBE2U	0.013992179713973863	3.1499227029284143	2.1656215
652	ENSG00000185559	DLK1	0.0234966281062959	3.1493330832975945	2.1648142
653	ENSG00000137331	IER3	0.884030885258475	3.5138363349696053	2.1592624
654	ENSG00000015413	DPEP1	0.08739522052653781	3.141746507069267	2.154427
655	ENSG00000171234	UGT2B7	0.08384093469803937	3.1410658823441224	2.1534953
656	ENSG00000083067	TRPM3	0.8293823868740023	3.5064844136745195	2.1483746
657	ENSG00000143333	RGS16	0.2547855969441957	2.9318591151516507	2.1469753
658	ENSG00000133661	SFTPD	0.10537306508633235	3.1359360993977554	2.146472
659	ENSG00000108684	ASIC2	0.5615603482900725	3.172082295093748	2.1461005
660	ENSG00000064989	CALCRL	0.29008316886354735	2.9301931144054127	2.1440477
661	ENSG00000101310	SEC23B	0.24103223612303817	2.9299712600124264	2.143658
662	ENSG00000187720	THSD4	0.3850309902090974	2.9295193409135445	2.1428638
663	ENSG00000140465	CYP1A1	0.05105531683999032	3.1331124579190046	2.142606
664	ENSG00000125968	ID1	0.5764175304360938	3.1690127004255313	2.1411195
665	ENSG00000171189	GRIK1	0.9892098610968898	4.054966004686156	2.1407003
666	ENSG00000255398	HCAR3	0.041663253551240544	3.1305787554767583	2.139137
667	ENSG00000278570	NR2E3	0.09594517358733544	3.1263980791939727	2.133413
668	ENSG00000140274	DUOXA2	0.025125609487594788	3.122800638758172	2.1284876
669	ENSG00000150656	CNDP1	0.23335379236638223	2.9211574631944583	2.12817
670	ENSG00000270276	H4C15	0.07969176425781842	3.1222799416358433	2.1277747
671	ENSG00000099834	CDHR5	0.07213946294381327	3.121009961408517	2.126036
672	ENSG00000198125	MB	0.12841838406752326	3.117151332363761	2.120753
673	ENSG00000109471	IL2	0.017410560940702105	3.1152389457089176	2.1181347
674	ENSG00000144810	COL8A1	0.18113163339772098	3.115021394614737	2.117837
675	ENSG00000163421	PROK2	0.05605770911814202	3.113247349197263	2.115408
676	ENSG00000175899	A2M	0.6109810854994541	3.152550798037612	2.1144066
677	ENSG00000229183	PGA4	0.00342826380702594	3.1115740615112952	2.113117
678	ENSG00000099953	MMP11	0.01884771257073315	3.1110537553371187	2.1124046
679	ENSG00000116016	EPAS1	0.512711169192397	3.151255778224321	2.1123052
680	ENSG00000106991	ENG	0.385824551219338	2.9111204314965904	2.1105328
681	ENSG00000169688	MT1B	0.002247067412341889	3.108512627211751	2.1089256
682	ENSG00000005961	ITGA2B	0.06824733130894252	3.1073679299703545	2.1073582
683	ENSG00000147485	PXDNL	0.2359333982513877	2.9084566295617464	2.105852
684	ENSG00000283154	IQCJ-SCHIP1	0.7728873196996069	3.4743588632548685	2.1007981
685	ENSG00000243649	CFB	0.05305876734627196	3.1015187789676055	2.09935
686	ENSG00000166741	NNMT	0.3449318066303368	2.902072628974655	2.0946338
687	ENSG00000003436	TFPI	0.3620251514928824	2.9005603882519764	2.0919764
688	ENSG00000118407	FILIP1	0.29818462757863534	2.900139748042384	2.0912373
689	ENSG00000140279	DUOX2	0.031341886623357816	3.095236435868392	2.0907485
690	ENSG00000178934	LGALS7B	0.0448746432829682	3.0951096858749874	2.090575
691	ENSG00000081479	LRP2	0.23256342258602059	2.897584428556419	2.086747
692	ENSG00000101951	PAGE4	0.0021472010210659177	3.092047085681871	2.086382
693	ENSG00000113889	KNG1	0.05765498367534124	3.0909412151756612	2.084868
694	ENSG00000152779	SLC16A12	0.09775539696686589	3.089522277220065	2.082925
695	ENSG00000204936	CD177	0.01646787468582001	3.089208786659393	2.082496
696	ENSG00000263961	RHEX	0.08596410545232429	3.088869931705413	2.082032
697	ENSG00000248144	ADH1C	0.1322886739270839	3.0877987359876666	2.0805655
698	ENSG00000171345	KRT19	0.9175659907159474	4.0050489138827645	2.0796976
699	ENSG00000109610	SOD3	0.10373336157643993	3.0867946085851243	2.0791907
700	ENSG00000139287	TPH2	0.01431591382305383	3.0860993715170073	2.0782387
701	ENSG00000186439	TRDN	0.16396618789056872	3.085961348822029	2.0780497
702	ENSG00000186973	FAM183A	0.04986242380457866	3.085696867044937	2.0776877
703	ENSG00000176771	NCKAP5	0.7584623768820954	3.458229901006628	2.076912
704	ENSG00000115523	GNLY	2.2762631491064784	4.918703151957428	2.0766158
705	ENSG00000157110	RBPMS	0.49873355493966404	3.1286271918923685	2.0755856
706	ENSG00000064205	CCN5	0.03317183129708433	3.0838477649215723	2.075156
707	ENSG00000188293	IGFL1	0.00180097038614961	3.0795965154720015	2.0693355
708	ENSG00000187140	FOXD3	0.0020091641584763843	3.075664171138005	2.0639515
709	ENSG00000077522	ACTN2	0.2843482099769339	2.883463289098889	2.061933
710	ENSG00000250799	PRODH2	0.03012109583734151	3.0735593896146773	2.0610697
711	ENSG00000066405	CLDN18	0.07135054989192641	3.0711519642968277	2.0577738
712	ENSG00000160808	MYL3	0.08450581193794793	3.069965607867987	2.0561495
713	ENSG00000159216	RUNX1	0.6127143712336246	3.1149854596409403	2.053449
714	ENSG00000162692	VCAM1	0.07192051515424185	3.0677994784384266	2.0531838
715	ENSG00000173068	BNC2	0.27812223382696427	2.876916514613685	2.0504289
716	ENSG00000104237	RP1	0.19759854665171708	3.0641642517029313	2.0482066
717	ENSG00000178031	ADAMTSL1	0.2518894499010638	2.873838527333702	2.04502
718	ENSG00000160801	PTH1R	0.1172276027957636	3.0544578498961	2.0349174
719	ENSG00000169575	VPREB1	0.016223187413441878	3.0542212348171613	2.0345933
720	ENSG00000188015	S100A3	0.025555407803117953	3.0492201630882128	2.0277462
721	ENSG00000071203	MS4A12	0.013832128276290616	3.0489450898463026	2.0273695
722	ENSG00000081800	SLC13A1	0.03936026377292152	3.0471014720250422	2.0248454
723	ENSG00000172399	MYOZ2	0.1451874693032024	3.0469594686467976	2.024651
724	ENSG00000075624	ACTB	3.821066457986227	4.314127561227061	2.0244203
725	ENSG00000138823	MTTP	0.06665790184424011	3.046482792046592	2.0239983
726	ENSG00000080493	SLC4A4	0.4099434631533475	2.8611476248407817	2.0227194
727	ENSG00000180347	ITPRID1	0.03264798671280547	3.045003568701638	2.0219731
728	ENSG00000187147	RNF220	0.7846403376853994	3.4208730337647983	2.0215883
729	ENSG00000082126	MPP4	0.17531492409277558	3.043575387114563	2.0200176
730	ENSG00000163221	S100A12	1.1613020724695085	4.501474138612518	2.0189078
731	ENSG00000197561	ELANE	0.011574250353606316	3.040424474949087	2.0157037
732	ENSG00000146648	EGFR	0.3520715012106719	2.856191295977081	2.01401
733	ENSG00000188517	COL25A1	0.34567583685495124	2.855847406833855	2.0134058
734	ENSG00000124657	OR2B6	0.0013307309100081038	3.0380569826903288	2.0124624
735	ENSG00000163359	COL6A3	0.1918350188498768	3.035424427253673	2.008858
736	ENSG00000047648	ARHGAP6	0.34700530091726856	2.85287601955597	2.0081844
737	ENSG00000100979	PLTP	0.2390048624937313	2.852734199336069	2.0079353
738	ENSG00000283992	SLURP2	0.031975063150202584	3.033246707653311	2.0058763
739	ENSG00000090402	SI	0.03532159278098609	3.0306494730929576	2.0023205
740	ENSG00000250361	GYPB	0.04696155726615643	3.0296998956820236	2.0010204
741	ENSG00000109684	CLNK	0.05875065715165267	3.029425401775898	2.0006444
742	ENSG00000179399	GPC5	0.9430314531650169	3.9401304384937554	2.0003622
743	ENSG00000112706	IMPG1	0.166837686242543	3.026824873282822	1.997084
744	ENSG00000188906	LRRK2	0.4243895509181592	2.8462374327391045	1.9965189
745	ENSG00000135218	CD36	0.7387123316822525	3.402932479633586	1.9950193
746	ENSG00000129991	TNNI3	0.1687696263127365	3.0243563125754016	1.9937042
747	ENSG00000171766	GATM	0.2341469063515789	2.8439594567237387	1.992516
748	ENSG00000169313	P2RY12	0.1218010821871557	3.0219931816616805	1.9904689
749	ENSG00000173702	MUC13	0.05741955622429441	3.0219888190309887	1.9904629
750	ENSG00000136960	ENPP2	0.3888947626202928	2.8426747619657156	1.9902585
751	ENSG00000095917	TPSD1	0.006332599738147637	3.020639014785812	1.9886148
752	ENSG00000164972	C9orf24	0.12066337817687278	3.0205429611907664	1.9884833
753	ENSG00000188379	IFNA2	0.0018236962387066663	3.0168479009362166	1.9834242
754	ENSG00000226979	LTA	0.10550675112481155	3.0166044376133874	1.9830909
755	ENSG00000140416	TPM1	0.8657320511605134	3.3936800618294716	1.9813169
756	ENSG00000128383	APOBEC3A	0.2668567604966131	2.837323632891415	1.9808553
757	ENSG00000150275	PCDH15	0.8235918503165781	3.3933611342269527	1.9808446
758	ENSG00000221818	EBF2	0.12895078191055412	3.0136430181965568	1.9790363
759	ENSG00000163515	RETNLB	0.009080260776455218	3.0091972477832796	1.9729495
760	ENSG00000143387	CTSK	0.05540080808594076	3.0085752638559953	1.9720979
761	ENSG00000120885	CLU	0.9840265715017105	3.9163093940938576	1.9712509
762	ENSG00000140932	CMTM2	0.03993026841704996	3.007110857400634	1.9700929
763	ENSG00000182492	BGN	0.11900183205202769	3.0060490238198585	1.9686391
764	ENSG00000164318	EGFLAM	0.13357921927508545	3.00455583308593	1.9665947
765	ENSG00000204539	CDSN	0.004664700872597256	2.9952289526320217	1.953825
766	ENSG00000175445	LPL	0.24384345573147498	2.820369434797341	1.951063
767	ENSG00000116147	TNR	0.6070027363059826	3.0516218266694026	1.950628
768	ENSG00000133800	LYVE1	0.137604656809703	2.9910000622540434	1.9480351
769	ENSG00000136235	GPNMB	0.3235136255295132	2.818390924312652	1.9475864
770	ENSG00000112378	PERP	0.4212077578498988	2.816951774146173	1.9450575
771	ENSG00000204388	HSPA1B	1.2008244158083117	4.429315259702777	1.9438847
772	ENSG00000182898	TCHHL1	9.745009319489863e-05	2.9879175378626757	1.9438148
773	ENSG00000185010	F8	0.17203577764485348	2.985849990619689	1.940984
774	ENSG00000137834	SMAD6	0.08552479225296028	2.9852104893961022	1.9401084
775	ENSG00000169282	KCNAB1	0.11696954791787645	2.984597582524252	1.9392693
776	ENSG00000127329	PTPRB	0.3342036003340576	2.812962244469053	1.9380469
777	ENSG00000116031	CD207	0.005522982214764382	2.9836327683099926	1.9379482
778	ENSG00000161798	AQP5	0.1389993314612431	2.983219442654058	1.9373823
779	ENSG00000069431	ABCC9	0.13941706761715977	2.9816134507611363	1.9351835
780	ENSG00000160282	FTCD	0.06893600712135685	2.980618318228156	1.9338211
781	ENSG00000166415	WDR72	0.07368799765109953	2.9787520308626916	1.931266
782	ENSG00000274736	CCL23	0.025457772195500734	2.978028127149177	1.9302747
783	ENSG00000275302	CCL4	1.6586983898288399	5.072327198945429	1.929879
784	ENSG00000105427	CNFN	0.05580417597115868	2.9763479832629356	1.9279745
785	ENSG00000145879	SPINK7	0.0016360644979469185	2.9752308656650137	1.926445
786	ENSG00000090382	LYZ	2.414171509243417	4.80363520569539	1.9258761
787	ENSG00000106258	CYP3A5	0.13267517253245753	2.9725498814741593	1.9227743
788	ENSG00000135063	FAM189A2	0.11965337405515665	2.9712951666904384	1.9210565
789	ENSG00000135678	CPM	0.3959945923631284	2.8032034491665114	1.9208986
790	ENSG00000160401	CFAP157	0.0403755595412022	2.970998958022939	1.920651
791	ENSG00000173482	PTPRM	0.8985429799093926	3.352528918029134	1.9203742
792	ENSG00000164124	TMEM144	0.4893068263592665	3.0322430478372264	1.9191818
793	ENSG00000125618	PAX8	0.16569924185363005	2.9670013524146372	1.9151777
794	ENSG00000232810	TNF	0.23689142382832157	2.7997527764814896	1.914835
795	ENSG00000130513	GDF15	0.11647408002520912	2.9650437458015477	1.9124974
796	ENSG00000132170	PPARG	0.3063001889018419	2.798333515367795	1.912341
797	ENSG00000042062	RIPOR3	0.09541059539360383	2.96411323702995	1.9112234
798	ENSG00000145692	BHMT	0.046021690340540114	2.9635092317887413	1.9103965
799	ENSG00000147655	RSPO2	0.15793107060045258	2.961697661468627	1.9079162
800	ENSG00000134871	COL4A2	0.416498055751719	2.7944871323382987	1.9055821
801	ENSG00000163092	XIRP2	0.041934746079485496	2.9550355295702766	1.8987949
802	ENSG00000086991	NOX4	0.13271899682184524	2.9532435768783483	1.8963414
803	ENSG00000008438	PGLYRP1	0.01703699191426787	2.9527567966344077	1.895675
804	ENSG00000272398	CD24	0.5477115113106389	3.0159767880804256	1.8927864
805	ENSG00000162444	RBP7	0.2847483317751875	2.786886584617882	1.8922262
806	ENSG00000127129	EDN2	0.01387285321736591	2.949272497699237	1.8909045
807	ENSG00000158859	ADAMTS4	0.1341199275571678	2.948811921754354	1.8902739
808	ENSG00000170962	PDGFD	0.23337115589610286	2.7855705341471837	1.8899137
809	ENSG00000204710	SPDYC	0.0017072856700013743	2.945457956198305	1.8856819
810	ENSG00000169903	TM4SF4	0.023400581803645813	2.944487323833354	1.8843529
811	ENSG00000171243	SOSTDC1	0.02877316788390863	2.942766284739145	1.8819966
812	ENSG00000127954	STEAP4	0.1477187914455108	2.9419569779860915	1.8808886
813	ENSG00000165072	MAMDC2	0.21664922910599685	2.9415567528043653	1.8803406
814	ENSG00000110492	MDK	0.3991793521960457	2.7784007656170284	1.8773148
815	ENSG00000173391	OLR1	0.33522862491423383	2.777754447640737	1.876179
816	ENSG00000123610	TNFAIP6	0.09134962615110193	2.938064726560515	1.8755596
817	ENSG00000138639	ARHGAP24	0.7301373356037032	3.3189829353754665	1.8706943
818	ENSG00000180988	OR52N2	0.00018015184104468174	2.933781014730676	1.8696946
819	ENSG00000136155	SCEL	0.0339093530262224	2.9322099774038275	1.8675436
820	ENSG00000122786	CALD1	0.8571447168886352	3.3158850631024763	1.8661064
821	ENSG00000215853	RPTN	0.0010843199808982867	2.9281598793992325	1.8619984
822	ENSG00000064787	BCAS1	0.32337977772486026	2.7692759448184368	1.8612804
823	ENSG00000167641	PPP1R14A	0.3347051215345381	2.7687886678174953	1.8604242
824	ENSG00000170498	KISS1	0.006697593397134771	2.92563669487252	1.8585439
825	ENSG00000162722	TRIM58	0.05953322899614977	2.9245836973367223	1.8571023
826	ENSG00000241644	INMT	0.03079569324699616	2.924280926847562	1.8566877
827	ENSG00000143341	HMCN1	0.10385004876135392	2.9240615231368374	1.8563873
828	ENSG00000110693	SOX6	0.595955814571344	2.9935441341358358	1.8563848
829	ENSG00000130203	APOE	1.6696462038452677	4.992707905879083	1.8529017
830	ENSG00000130176	CNN1	0.08575106455059402	2.921326190819589	1.8526423
831	ENSG00000172159	FRMD3	0.3115130059417558	2.764180819044064	1.8523271
832	ENSG00000170180	GYPA	0.044272381126316984	2.9197819850571887	1.850528
833	ENSG00000131097	HIGD1B	0.05529620685791422	2.9188115518943283	1.8491994
834	ENSG00000122861	PLAU	0.12847160254117967	2.916224980270949	1.8456581
835	ENSG00000259207	ITGB3	0.027577545251879113	2.9162036560943134	1.8456289
836	ENSG00000163110	PDLIM5	0.7123493559341865	3.301056897615475	1.8441467
837	ENSG00000134363	FST	0.03348610543838268	2.914158974762219	1.8428293
838	ENSG00000111404	RERGL	0.053618681609627517	2.913687295565964	1.8421836
839	ENSG00000142798	HSPG2	0.2679814537535241	2.758177360068576	1.8417777
840	ENSG00000110195	FOLR1	0.11611609552352092	2.9133286654998436	1.8416926
841	ENSG00000047936	ROS1	0.03740342355823218	2.911610580259811	1.8393403
842	ENSG00000172554	SNTG2	0.14627806191688367	2.9112303168479325	1.8388196
843	ENSG00000158104	HPD	0.04417304796256589	2.9095378466866086	1.8365024
844	ENSG00000172403	SYNPO2	0.3955761112490358	2.754907137852694	1.8360312
845	ENSG00000154493	C10orf90	0.32196548078001375	2.7548083485828077	1.8358576
846	ENSG00000109103	UNC119	0.35641467758578227	2.75394926694445	1.834348
847	ENSG00000185483	ROR1	0.26927776247626733	2.7527505357953186	1.8322415
848	ENSG00000185053	SGCZ	1.1338261830563716	3.801296228794428	1.8306956
849	ENSG00000134028	ADAMDEC1	0.03126373382077501	2.901252898541681	1.8251592
850	ENSG00000198873	GRK5	0.3506624009246489	2.7467300454787957	1.8216622
851	ENSG00000082438	COBLL1	0.4674162097399255	2.9709738478070284	1.8197596
852	ENSG00000115594	IL1R1	0.1425979847665448	2.895973645208357	1.8179313
853	ENSG00000186827	TNFRSF4	0.18999778853689642	2.895903967997278	1.8178358
854	ENSG00000213949	ITGA1	0.27920723434919614	2.744283156041762	1.8173625
855	ENSG00000135919	SERPINE2	0.2500064037833828	2.743582678831252	1.8161316
856	ENSG00000011422	PLAUR	0.6639547447137749	2.9676178978185295	1.8143139
857	ENSG00000121101	TEX14	0.06563425660432079	2.89234714711344	1.8129661
858	ENSG00000116497	S100PBP	0.3395473838622395	2.740897547107602	1.8114132
859	ENSG00000184005	ST6GALNAC3	0.7058217359149038	3.2779649072033408	1.8099486
860	ENSG00000048462	TNFRSF17	0.09108580165979314	2.8899266390551244	1.8096521
861	ENSG00000160868	CYP3A4	0.025288522504397296	2.8892784968682945	1.8087647
862	ENSG00000204389	HSPA1A	1.7544587439593258	4.946770845509589	1.8084888
863	ENSG00000069122	ADGRF5	0.22083571721201423	2.8885475482251746	1.8077639
864	ENSG00000157765	SLC34A2	0.12064147094793501	2.886773018618001	1.8053343
865	ENSG00000147872	PLIN2	0.6530981285840853	2.961311844139429	1.804081
866	ENSG00000171611	PTCRA	0.08361102727805439	2.885551311068288	1.8036617
867	ENSG00000203883	SOX18	0.12253109909276642	2.883666274631914	1.8010808
868	ENSG00000036448	MYOM2	0.302750878514636	2.7333826493750033	1.7982079
869	ENSG00000090104	RGS1	1.1251938556051015	3.7723704598872785	1.795346
870	ENSG00000165685	TMEM52B	0.06162636236896858	2.8785093490315625	1.7940203
871	ENSG00000115221	ITGB6	0.09083750319730384	2.8740569161248977	1.7879243
872	ENSG00000129682	FGF13	0.38985243770317857	2.722882687779364	1.7797571
873	ENSG00000101542	CDH20	0.6109243046299638	2.9461989038627	1.7795571
874	ENSG00000182348	ZNF804B	0.5002975225519923	2.9456415033600094	1.7786525
875	ENSG00000138395	CDK15	0.01822777716222184	2.866677022062113	1.7778202
876	ENSG00000112619	PRPH2	0.1608422602743425	2.866637809504074	1.7777666
877	ENSG00000187398	LUZP2	0.5309599790862273	2.943726779124907	1.7755456
878	ENSG00000090339	ICAM1	0.3605638168841163	2.7202620697482653	1.7751521
879	ENSG00000147257	GPC3	0.06693037639397212	2.8627131511994954	1.7723932
880	ENSG00000206047	DEFA1	0.0024400841585395443	2.861751282499828	1.7710762
881	ENSG00000095932	SMIM24	0.09936934190378491	2.861133031059909	1.7702298
882	ENSG00000036828	CASR	0.050001570899105084	2.860837392384786	1.769825
883	ENSG00000197766	CFD	0.7415226635160403	3.2507782748803975	1.7696866
884	ENSG00000166165	CKB	0.8033605338500097	3.2493037875144166	1.7675029
885	ENSG00000179639	FCER1A	0.07325538895882501	2.8562736851819297	1.7635767
886	ENSG00000072274	TFRC	0.4424904472325562	2.712422963447835	1.761377
887	ENSG00000170807	LMOD2	0.07096420135037221	2.8545904853006405	1.7612722
888	ENSG00000118785	SPP1	1.8678387479374554	5.8949951323211796	1.760996
889	ENSG00000092009	CMA1	0.003366341823246836	2.8527880878088476	1.7588044
890	ENSG00000183960	KCNH8	0.32550089108488905	2.708415760015156	1.7543355
891	ENSG00000278828	H3C10	0.05411967103203082	2.848825932669655	1.7533797
892	ENSG00000138472	GUCA1C	0.016716398703142496	2.8479042928578338	1.7521179
893	ENSG00000172482	AGXT	0.005921811873641579	2.847817380741683	1.7519989
894	ENSG00000243989	ACY1	0.06618544688401168	2.846956079346442	1.7508197
895	ENSG00000120278	PLEKHG1	0.32278729002517215	2.7055586572315193	1.7493149
896	ENSG00000124875	CXCL6	0.0203078969092846	2.844881479003061	1.7479793
897	ENSG00000106069	CHN2	0.4342461405053959	2.704738552019802	1.7478738
898	ENSG00000107249	GLIS3	0.460689965101231	2.9263958133059287	1.7474223
899	ENSG00000166091	CMTM5	0.10190210469920859	2.8444695300267133	1.7474152
900	ENSG00000269113	TRABD2B	0.06730798858510596	2.8443054543261956	1.7471906
901	ENSG00000196260	SFTA2	0.05222987907803885	2.8434868482969606	1.7460698
902	ENSG00000189377	CXCL17	0.19394454645452777	2.8431671214048	1.745632
903	ENSG00000143954	REG3G	0.0026793238707226584	2.8422176778907615	1.7443322
904	ENSG00000182885	ADGRG3	0.025019082553714052	2.842162248315649	1.7442563
905	ENSG00000197826	CFAP299	0.1269897007358693	2.840404891778509	1.7418503
906	ENSG00000091136	LAMB1	0.32570871617576924	2.701221387525203	1.7416934
907	ENSG00000273540	AGBL1	0.13453197607543407	2.839943387565493	1.7412183
908	ENSG00000091986	CCDC80	0.15060467712815936	2.839386809458327	1.7404563
909	ENSG00000088386	SLC15A1	0.027142423216277498	2.839148665107336	1.7401303
910	ENSG00000103196	CRISPLD2	0.17462552625161107	2.8371565366117117	1.7374028
911	ENSG00000159495	TGM7	0.0007325494380462362	2.8341201536419427	1.7332456
912	ENSG00000146555	SDK1	0.5413772499363552	2.9143990070131025	1.727955
913	ENSG00000131183	SLC34A1	0.017489523953179403	2.8286344414042284	1.7257348
914	ENSG00000168214	RBPJ	0.8769446683664129	3.2189029628942327	1.7224808
915	ENSG00000187513	GJA4	0.061789711609015516	2.826137010780121	1.7223155
916	ENSG00000269028	MTRNR2L12	2.5734673602498694	5.630961057673344	1.7216772
917	ENSG00000128849	CGNL1	0.1521608466766077	2.8254145000622928	1.7213264
918	ENSG00000122641	INHBA	0.1274274938078419	2.822841082168682	1.717803
919	ENSG00000197061	H4C3	1.0100632986366314	3.7084635864335627	1.7172468
920	ENSG00000173369	C1QB	1.2657431270078783	4.2094913957572375	1.7153356
921	ENSG00000205076	LGALS7	0.02225588767609672	2.820576631683629	1.7147026
922	ENSG00000135245	HILPDA	0.11460716241570068	2.8193619348428656	1.7130396
923	ENSG00000100453	GZMB	1.1285969603755193	3.704900455037124	1.7128923
924	ENSG00000167552	TUBA1A	1.5435103905574772	4.296243309233947	1.7127814
925	ENSG00000158865	SLC5A11	0.22475739299033773	2.819096327762268	1.7126759
926	ENSG00000154258	ABCA9	0.20554641978658184	2.8181559636866678	1.7113885
927	ENSG00000169347	GP2	0.01354837915200424	2.8176628093862686	1.7107133
928	ENSG00000157551	KCNJ15	0.10070444004408631	2.815538728302722	1.7078052
929	ENSG00000140379	BCL2A1	0.5893644574194159	2.8985171609381664	1.7021834
930	ENSG00000013588	GPRC5A	0.15951199888504197	2.8086942503701913	1.6984341
931	ENSG00000145113	MUC4	0.06370012919277511	2.8084644457906034	1.6981195
932	ENSG00000188783	PRELP	0.05426869699403742	2.8073141073287613	1.6965445
933	ENSG00000124766	SOX4	0.7138148286087954	3.201164296024792	1.6962107
934	ENSG00000175336	APOF	0.0024325625730356694	2.8062627433956266	1.6951051
935	ENSG00000177575	CD163	0.4563228117188195	2.894076123770206	1.6949769
936	ENSG00000276644	DACH1	0.31357908293573117	2.674455208021814	1.6946592
937	ENSG00000138449	SLC40A1	0.2896666846635722	2.6744092318198542	1.6945784
938	ENSG00000156738	MS4A1	0.7021826901673274	3.1995307813050866	1.6937916
939	ENSG00000050628	PTGER3	0.09721586756786223	2.8043367766086007	1.6924682
940	ENSG00000147256	ARHGAP36	0.006828863012434357	2.803657231576782	1.6915377
941	ENSG00000145708	CRHBP	0.04331167925229577	2.8031577193525115	1.6908538
942	ENSG00000228278	ORM2	0.005195929424248595	2.802803059740711	1.6903683
943	ENSG00000229809	ZNF688	0.4821434229267223	2.891055858618871	1.6900759
944	ENSG00000180155	LYNX1	0.10100746378030982	2.802051429895195	1.6893392
945	ENSG00000166349	RAG1	0.051323914539280764	2.802033208997008	1.6893142
946	ENSG00000112175	BMP5	0.0401264185218864	2.8016658128486753	1.6888112
947	ENSG00000162946	DISC1	0.43704180941840554	2.671105016804885	1.6887722
948	ENSG00000021826	CPS1	0.047612115231508	2.801314195476457	1.6883298
949	ENSG00000183644	HOATZ	0.03326337273329586	2.8012126946484734	1.6881908
950	ENSG00000225781	OR6V1	9.785475968295618e-05	2.799876647212673	1.6863617
951	ENSG00000122254	HS3ST2	0.13819674401495613	2.799855243996048	1.6863323
952	ENSG00000086548	CEACAM6	0.07406733536130404	2.7988046556468356	1.684894
953	ENSG00000113525	IL5	0.009109046046518595	2.7982465406979613	1.6841298
954	ENSG00000113520	IL4	0.003071440756737835	2.7969842249286136	1.6824015
955	ENSG00000188643	S100A16	0.3241341376283532	2.667107634885973	1.6817479
956	ENSG00000096696	DSP	0.2393089157685758	2.666915297126591	1.68141
957	ENSG00000074410	CA12	0.13459147779858174	2.7937165693477093	1.6779276
958	ENSG00000124440	HIF3A	0.28180600770111286	2.6648873549981107	1.6778463
959	ENSG00000197191	CYSRT1	0.009706058692238693	2.7932487078819137	1.6772871
960	ENSG00000176046	NUPR1	0.47672846027567733	2.8831623176740764	1.677267
961	ENSG00000166592	RRAD	0.11983803387647632	2.792888937229951	1.6767945
962	ENSG00000127074	RGS13	0.03440862405965142	2.7922654250184626	1.6759409
963	ENSG00000239264	TXNDC5	0.11134874825411702	2.788270482207596	1.6704712
964	ENSG00000159713	TPPP3	0.14638663024136772	2.7878898400342846	1.6699501
965	ENSG00000155850	SLC26A2	0.1734172740245362	2.7870746312041024	1.668834
966	ENSG00000169583	CLIC3	0.4345004935209446	2.6581500308873816	1.6660074
967	ENSG00000129170	CSRP3	0.06047363944555492	2.784605307387869	1.6654531
968	ENSG00000101463	SYNDIG1	0.42042427663539306	2.6575848396043367	1.6650143
969	ENSG00000119630	PGF	0.05242072968644956	2.7842303498513252	1.6649398
970	ENSG00000105894	PTN	0.35291126253891514	2.6574308731487974	1.6647437
971	ENSG00000196482	ESRRG	0.817041195352185	3.1791232151824547	1.663569
972	ENSG00000140479	PCSK6	0.31249236272514275	2.655571179761639	1.6614758
973	ENSG00000167874	TMEM88	0.10078435008828764	2.781104072311577	1.6606594
974	ENSG00000102575	ACP5	0.36599551595019786	2.654735229311594	1.6600068
975	ENSG00000185942	NKAIN3	0.4730239976090972	2.8707489794387664	1.6571237
976	ENSG00000185052	SLC24A3	0.3962448648883352	2.653003120701089	1.6569631
977	ENSG00000125931	CITED1	0.018712963333957357	2.7780349683490133	1.6564574
978	ENSG00000152611	CAPSL	0.031142567024351323	2.776185645351494	1.6539254
979	ENSG00000145147	SLIT2	0.6129913494136777	2.867827096363782	1.6523823
980	ENSG00000156076	WIF1	0.09165825172465072	2.7730972081372496	1.649697
981	ENSG00000159674	SPON2	0.5736351006339611	2.865541789243781	1.6486739
982	ENSG00000165953	SERPINA12	0.001262759196773166	2.771059138074358	1.6469066
983	ENSG00000272573	MUSTN1	0.01449064550356131	2.7698778941032622	1.6452893
984	ENSG00000077943	ITGA8	0.15751868404662284	2.7694690258026813	1.6447295
985	ENSG00000146039	SLC17A4	0.0071524775527316556	2.769284500782302	1.6444769
986	ENSG00000186395	KRT10	0.8314742536108647	3.1657228645141178	1.6437237
987	ENSG00000165949	IFI27	1.2802341221856632	4.140386232952206	1.6434876
988	ENSG00000181195	PENK	0.04726348947410169	2.766044612022073	1.640041
989	ENSG00000164600	NEUROD6	0.09710217097661686	2.765807600466432	1.6397165
990	ENSG00000179348	GATA2	0.0747617960279476	2.7656822183695757	1.6395448
991	ENSG00000163106	HPGDS	0.09605293738349291	2.7651511089061684	1.6388177
992	ENSG00000164532	TBX20	0.06614505421533137	2.7648176495972216	1.6383612
993	ENSG00000100600	LGMN	0.40996823464576737	2.641861920291699	1.6373855
994	ENSG00000157483	MYO1E	0.3456778026626243	2.641831554364889	1.6373322
995	ENSG00000018625	ATP1A2	0.1757318401359419	2.7619260305568227	1.6344022
996	ENSG00000197956	S100A6	2.945403687429731	4.40400391119972	1.6343644
997	ENSG00000198879	SFMBT2	0.6365202839541275	2.8560896949510304	1.6333358
998	ENSG00000163453	IGFBP7	1.1534593279203922	4.130541284762569	1.6332519
999	ENSG00000120694	HSPH1	0.8530732700342584	3.1556888525106093	1.6288639
1000	ENSG00000102055	PPP1R2C	0.013115084322033172	2.7553604795430977	1.6254131
1001	ENSG00000113739	STC2	0.08433584123984983	2.755227974436123	1.6252316
1002	ENSG00000104368	PLAT	0.14264930074983234	2.7551808874307047	1.6251671
1003	ENSG00000197888	UGT2B17	0.033806869603984054	2.7539065043417166	1.6234224
1004	ENSG00000251655	PRB1	0.020141078993933182	2.7535534111464943	1.6229389
1005	ENSG00000135540	NHSL1	0.30306308332733456	2.6313125993405357	1.618848
1006	ENSG00000109072	VTN	0.01943558192861854	2.749988787672136	1.6180584
1007	ENSG00000197614	MFAP5	0.048135014996804275	2.7494055513740467	1.61726
1008	ENSG00000170801	HTRA3	0.01997739668972691	2.7491962827018606	1.6169734
1009	ENSG00000091583	APOH	0.00823604825646836	2.7487717190234906	1.6163921
1010	ENSG00000242366	UGT1A8	0.0006370794043432232	2.7484465114929573	1.6159469
1011	ENSG00000125148	MT2A	2.1760245465230303	5.275233932044062	1.6131482
1012	ENSG00000112902	SEMA5A	0.3678438655843209	2.627528827237433	1.6121991
1013	ENSG00000122679	RAMP3	0.12472321336923828	2.7443644676421153	1.610358
1014	ENSG00000149124	GLYAT	0.04330735533578734	2.7440969261109522	1.6099918
1015	ENSG00000140478	GOLGA6D	0.0002619430436709924	2.744000112374429	1.6098592
1016	ENSG00000166743	ACSM1	0.0382810799007968	2.743254110827295	1.6088378
1017	ENSG00000241224	C3orf85	0.027834859868707144	2.7418706959548245	1.6069437
1018	ENSG00000141753	IGFBP4	0.34207428841536947	2.6243174659094444	1.606556
1019	ENSG00000204424	LY6G6F	0.00920819270740927	2.7414515249271765	1.6063699
1020	ENSG00000179674	ARL14	0.024060859278064305	2.7412246710730073	1.6060592
1021	ENSG00000129151	BBOX1	0.07573404372558509	2.7391618345238387	1.6032349
1022	ENSG00000172232	AZU1	0.025048535000871727	2.7386686542026673	1.6025597
1023	ENSG00000158485	CD1B	0.06757542796093743	2.7379929675383186	1.6016346
1024	ENSG00000167772	ANGPTL4	0.10946578713520287	2.7370863177215283	1.6003933
1025	ENSG00000164687	FABP5	0.9255496024915159	3.61148638729883	1.598733
1026	ENSG00000166482	MFAP4	0.06768054179817216	2.7358314405515016	1.5986751
1027	ENSG00000154678	PDE1C	0.654050638750911	2.834495472088578	1.5982947
1028	ENSG00000119535	CSF3R	0.41647838418720373	2.61899532777039	1.5972039
1029	ENSG00000137962	ARHGAP29	0.43229053427796627	2.618247073681798	1.595889
1030	ENSG00000180483	DEFB119	0.03895730483102343	2.7332365534724565	1.5951225
1031	ENSG00000155659	VSIG4	0.32101419812207965	2.616959406137164	1.5936263
1032	ENSG00000233276	GPX1	0.8526290555131611	3.131850699534356	1.5935608
1033	ENSG00000198121	LPAR1	0.31581889968816096	2.616350743235	1.5925567
1034	ENSG00000107447	DNTT	0.036384569269288104	2.7307810218382027	1.5917605
1035	ENSG00000176435	CLEC14A	0.13959005805738506	2.7299339332042987	1.5906007
1036	ENSG00000135094	SDS	0.07329465451077055	2.729147788217939	1.5895244
1037	ENSG00000154099	DNAAF1	0.11441569069271142	2.727389752019574	1.5871174
1038	ENSG00000136160	EDNRB	0.1361337062576468	2.7269047453349002	1.5864533
1039	ENSG00000134760	DSG1	0.008805080648368829	2.726556025934713	1.5859759
1040	ENSG00000000971	CFH	0.1643345423314174	2.7265113976705506	1.5859149
1041	ENSG00000244020	MT1HL1	0.0017902052277453623	2.725496425906931	1.5845251
1042	ENSG00000107562	CXCL12	0.1323400960313117	2.7241543421201295	1.5826876
1043	ENSG00000081052	COL4A4	0.1626650912601213	2.723555235050849	1.5818675
1044	ENSG00000163295	ALPI	0.01291702020209164	2.722397312526509	1.5802821
1045	ENSG00000137251	TINAG	0.041181294595588724	2.721987269372593	1.5797206
1046	ENSG00000164047	CAMP	0.018494032726471328	2.7217262477594995	1.5793633
1047	ENSG00000113073	SLC4A9	0.015275808405705022	2.7213379721827144	1.5788317
1048	ENSG00000109667	SLC2A9	0.11627492231409013	2.7212199219622173	1.57867
1049	ENSG00000165140	FBP1	0.3604163037822615	2.606798439883622	1.5757712
1050	ENSG00000158270	COLEC12	0.2151341200193553	2.718219685492211	1.5745623
1051	ENSG00000131055	COX4I2	0.04178530772932092	2.7178672449837884	1.5740798
1052	ENSG00000081148	IMPG2	0.15857343688080322	2.717308523708097	1.5733148
1053	ENSG00000139194	RBP5	0.0521310370146175	2.715729111274209	1.5711524
1054	ENSG00000102265	TIMP1	1.2061614027341123	4.0705331143227825	1.5708619
1055	ENSG00000204019	CT83	0.00046967034505443603	2.7154410014977786	1.570758
1056	ENSG00000165215	CLDN3	0.21720613158413526	2.7149642034566495	1.5701052
1057	ENSG00000087086	FTL	4.065424656747763	5.832843274598893	1.56978
1058	ENSG00000165966	PDZRN4	0.37714747013689154	2.601876929245345	1.5671229
1059	ENSG00000163909	HEYL	0.05049334977942632	2.7121556758185035	1.5662599
1060	ENSG00000198523	PLN	0.10788017644749467	2.7108263817843374	1.5644399
1061	ENSG00000173467	AGR3	0.13525062894719142	2.7102186882258774	1.5636079
1062	ENSG00000197584	KCNMB2	0.6319248011338695	2.8105885799386474	1.5595007
1063	ENSG00000176387	HSD11B2	0.0684960707852783	2.7071028402959967	1.5593419
1064	ENSG00000184557	SOCS3	0.7079607289814234	3.1084797670000937	1.5589496
1065	ENSG00000178381	ZFAND2A	0.3497553005861583	2.5967211481280397	1.5580631
1066	ENSG00000176635	HORMAD2	0.00905454568258778	2.704988025043701	1.5564464
1067	ENSG00000203933	CXorf66	0.0002057768982656968	2.7042748972740345	1.5554701
1068	ENSG00000113492	AGXT2	0.02368557106888464	2.703390718535019	1.5542595
1069	ENSG00000105369	CD79A	0.7906538016209824	3.1047553070365534	1.5534339
1070	ENSG00000167476	JSRP1	0.03770742568403791	2.701800724213922	1.5520825
1071	ENSG00000120738	EGR1	0.7824161236430893	3.1038208448919358	1.55205
1072	ENSG00000240247	DEFA1B	0.00021906206802774884	2.7007822535950905	1.5506881
1073	ENSG00000168955	TM4SF20	0.02569387034451988	2.7004762635019137	1.5502692
1074	ENSG00000134545	KLRC1	0.2133464329543737	2.6999457624381997	1.5495429
1075	ENSG00000166589	CDH16	0.0565517433226908	2.698240142296925	1.5472077
1076	ENSG00000156885	COX6A2	0.03502074548368123	2.697790498002286	1.546592
1077	ENSG00000185245	GP1BA	0.023104573711123344	2.697737403014934	1.5465194
1078	ENSG00000175315	CST6	0.028378219800689407	2.6974816410601123	1.5461692
1079	ENSG00000136634	IL10	0.05755486263116599	2.695981301633741	1.5441151
1080	ENSG00000151789	ZNF385D	1.001745640098201	3.5666073497136472	1.5438871
1081	ENSG00000173372	C1QA	1.1823063261519502	4.044567621791439	1.5438658
1082	ENSG00000079557	AFM	0.010323936242774837	2.6954012264907954	1.5433208
1083	ENSG00000138315	OIT3	0.009470240275889713	2.6947750207430596	1.5424634
1084	ENSG00000186417	GLDN	0.2955700217671928	2.5869766660080282	1.5409399
1085	ENSG00000188373	C10orf99	0.023910768002649616	2.692513285947106	1.5393668
1086	ENSG00000168843	FSTL5	0.7466827256778841	3.0943611200068872	1.5380406
1087	ENSG00000136929	HEMGN	0.044272867140637925	2.69141824196631	1.5378675
1088	ENSG00000112077	RHAG	0.017489124846781334	2.6911904537104383	1.5375557
1089	ENSG00000183753	BPY2	0.00022147451235838742	2.689982407414081	1.5359018
1090	ENSG00000163815	CLEC3B	0.04329468559952456	2.6884406294347483	1.5337908
1091	ENSG00000157404	KIT	0.1461500764478317	2.6881100707019074	1.5333383
1092	ENSG00000116717	GADD45A	0.39409569184018894	2.5823983227247207	1.5328947
1093	ENSG00000154175	ABI3BP	0.17550745883880442	2.6873226941304753	1.5322602
1094	ENSG00000085563	ABCB1	0.19621450611413882	2.6872313336710953	1.5321351
1095	ENSG00000124469	CEACAM8	0.005034564406282371	2.68408022664687	1.5278208
1096	ENSG00000119917	IFIT3	0.33271798342801406	2.5791101401229164	1.5271167
1097	ENSG00000137441	FGFBP2	0.755945912551159	3.0841413048064177	1.5229056
1098	ENSG00000148926	ADM	0.19999790344489454	2.678971628427322	1.5208265
1099	ENSG00000156265	MAP3K7CL	0.13212254371027693	2.6785338594877364	1.5202272
1100	ENSG00000071205	ARHGAP10	0.5032589264750778	2.786020729162329	1.5196341
1101	ENSG00000100450	GZMH	0.9005170674370309	3.0815015225846807	1.5189961
1102	ENSG00000182836	PLCXD3	0.3353849892665577	2.5740942080142486	1.5183026
1103	ENSG00000163694	RBM47	0.48784188677532875	2.782918113425261	1.5145996
1104	ENSG00000204291	COL15A1	0.13094863546341587	2.6740257859322925	1.514055
1105	ENSG00000158477	CD1A	0.04203701107750165	2.6734552528446196	1.5132738
1106	ENSG00000197321	SVIL	0.5403243934484914	2.7806927653409343	1.5109885
1107	ENSG00000162772	ATF3	0.618844682941779	2.77949616416743	1.5090467
1108	ENSG00000142973	CYP4B1	0.14120031980326866	2.6692884777834767	1.507569
1109	ENSG00000112782	CLIC5	0.15910179995125098	2.6692882722372824	1.5075687
1110	ENSG00000006128	TAC1	0.09366092226686536	2.66769525274707	1.5053877
1111	ENSG00000134569	LRP4	0.20207222856454488	2.6673293240666727	1.5048866
1112	ENSG00000133687	TMTC1	0.5403707128210963	2.772178900756572	1.4971728
1113	ENSG00000130595	TNNT3	0.03182874926777101	2.66120368103326	1.4964998
1114	ENSG00000081803	CADPS2	0.7650850257414036	3.0659358563895114	1.4959441
1115	ENSG00000187021	PNLIPRP1	0.0014923220406783835	2.6574331436055405	1.4913374
1116	ENSG00000147003	CLTRN	0.02790229911068524	2.65603215753929	1.4894193
1117	ENSG00000165338	HECTD2	0.30999040995012683	2.5572427463310814	1.4886907
1118	ENSG00000146038	DCDC2	0.10734630836993148	2.655391083790697	1.4885416
1119	ENSG00000117724	CENPF	0.13634818466183837	2.655376402036312	1.4885215
1120	ENSG00000173947	PIFO	0.051548305078182866	2.65537168072225	1.488515
1121	ENSG00000068001	HYAL2	0.18516038071522412	2.6553287455307486	1.4884562
1122	ENSG00000163661	PTX3	0.05289464378287985	2.6539130313226442	1.4865179
1123	ENSG00000113303	BTNL8	0.017000710457319344	2.652862073619488	1.485079
1124	ENSG00000143297	FCRL5	0.09527649862038481	2.652368358135013	1.4844031
1125	ENSG00000131203	IDO1	0.05310429912251145	2.65079540156903	1.4822495
1126	ENSG00000183580	FBXL7	0.7097010976725618	3.0566494685553978	1.4821916
1127	ENSG00000186314	PRELID2	0.32124096061914964	2.553345189339192	1.4818419
1128	ENSG00000120875	DUSP4	0.2465494665014723	2.55303048169826	1.4812889
1129	ENSG00000211456	SACM1L	0.3597914326617011	2.5526649844007343	1.4806466
1130	ENSG00000113594	LIFR	0.4298370275047628	2.5525022478003447	1.4803606
1131	ENSG00000138792	ENPEP	0.08425744946236247	2.6474902971448806	1.4777243
1132	ENSG00000112096	SOD2	1.2176807846075957	3.979547753015928	1.4762652
1133	ENSG00000118432	CNR1	0.20774439235204997	2.6458504361062176	1.4754791
1134	ENSG00000160111	CPAMD8	0.0797498998979908	2.6457286436362404	1.4753125
1135	ENSG00000215343	ZNF705D	0.00014355693626700504	2.645719010096924	1.4752992
1136	ENSG00000134321	RSAD2	0.1901506548702119	2.6444425894718884	1.4735516
1137	ENSG00000131747	TOP2A	0.11398823806781795	2.644441604710662	1.4735503
1138	ENSG00000140285	FGF7	0.060656464224981874	2.6439543541484896	1.4728832
1139	ENSG00000121552	CSTA	0.6122907055721668	2.757135044446718	1.472761
1140	ENSG00000007062	PROM1	0.18691536805897588	2.6436838328881826	1.4725128
1141	ENSG00000213190	MLLT11	0.3019392022360656	2.5479899810090907	1.4724315
1142	ENSG00000167759	KLK13	0.00333528144235828	2.6435250223871387	1.4722954
1143	ENSG00000113946	CLDN16	0.05456060660040209	2.643237286462292	1.4719014
1144	ENSG00000212900	KRTAP3-2	0.0004173026614368917	2.6429286376866257	1.4714788
1145	ENSG00000163630	SYNPR	0.59694793923412	2.7559245406438437	1.4707967
1146	ENSG00000144331	ZNF385B	0.8637690399831797	3.0488999663139125	1.4707149
1147	ENSG00000166265	CYYR1	0.1190495277349392	2.6417948729779193	1.4699266
1148	ENSG00000165092	ALDH1A1	0.35140388789126953	2.5464871890642122	1.4697908
1149	ENSG00000198417	MT1F	0.28729098540879205	2.5464500357614184	1.4697256
1150	ENSG00000073849	ST6GAL1	0.5633022001367146	2.7548979134050926	1.4691309
1151	ENSG00000233917	POTEB	0.000124936438664654	2.6411233614224274	1.4690071
1152	ENSG00000170458	CD14	0.8893975831840996	3.0471836858524974	1.4681731
1153	ENSG00000176641	RNF152	0.18202544248138008	2.640483941108433	1.4681318
1154	ENSG00000138696	BMPR1B	0.19030683446717253	2.6384208756432384	1.4653071
1155	ENSG00000183230	CTNNA3	1.235944503427175	3.9657794760170963	1.4619504
1156	ENSG00000102290	PCDH11X	0.486196460357116	2.750129865623559	1.4613937
1157	ENSG00000170396	ZNF804A	0.5941396043798101	2.749478865777321	1.4603373
1158	ENSG00000147571	CRH	0.04084509436483953	2.634419536415759	1.4598287
1159	ENSG00000168061	SAC3D1	0.1112304207008785	2.633778256682728	1.4589508
1160	ENSG00000127533	F2RL3	0.04738567509643172	2.6334607853942105	1.4585161
1161	ENSG00000154330	PGM5	0.1465012991566319	2.6331065916301846	1.4580312
1162	ENSG00000106772	PRUNE2	0.5712857547453771	2.747538420060354	1.4571885
1163	ENSG00000138347	MYPN	0.06742432506193563	2.632321583955432	1.4569564
1164	ENSG00000175063	UBE2C	0.10342235812290784	2.6313104940781344	1.455572
1165	ENSG00000244274	DBNDD2	0.2886292568192571	2.538377688316617	1.4555407
1166	ENSG00000187134	AKR1C1	0.11187369721850877	2.630810147038156	1.454887
1167	ENSG00000170290	SLN	0.016939788667648857	2.629685415538186	1.4533471
1168	ENSG00000109193	SULT1E1	0.027495569484256677	2.629260554947317	1.4527655
1169	ENSG00000106538	RARRES2	0.13573993762152875	2.6288707000938656	1.4522316
1170	ENSG00000171885	AQP4	0.1122998294367493	2.627733846214045	1.4506751
1171	ENSG00000151929	BAG3	0.275243847122939	2.5354484922020437	1.4503934
1172	ENSG00000124564	SLC17A3	0.01850631863249365	2.6274868584787425	1.4503369
1173	ENSG00000132437	DDC	0.1218447345282368	2.6257696266944177	1.4479859
1174	ENSG00000112562	SMOC2	0.08865593974483992	2.6248927658061856	1.4467853
1175	ENSG00000168487	BMP1	0.08018452008297212	2.6235652982203503	1.4449679
1176	ENSG00000158406	H4C8	0.05177487296242953	2.623403348569262	1.4447461
1177	ENSG00000162438	CTRC	0.005113427590179109	2.623104780195687	1.4443374
1178	ENSG00000183722	LHFPL6	0.7171326744732682	3.030694112113967	1.4437529
1179	ENSG00000183570	PCBP3	0.3322216306721388	2.5310680332064313	1.442696
1180	ENSG00000187323	DCC	0.8580982849211121	3.0283430509938736	1.4402711
1181	ENSG00000100079	LGALS2	0.37085885667283763	2.5293642033873716	1.4397019
1182	ENSG00000047457	CP	0.14699666722118607	2.619216018467408	1.4390131
1183	ENSG00000164176	EDIL3	0.8936162186240526	3.026707003825483	1.4378482
1184	ENSG00000153071	DAB2	0.32161680943387	2.5262183271255556	1.434174
1185	ENSG00000283267	FAM237B	0.002294582175144342	2.61562678553787	1.434099
1186	ENSG00000182782	HCAR2	0.05037667514227617	2.614859609607885	1.4330486
1187	ENSG00000159403	C1R	0.12809234882302373	2.6133678464524674	1.4310062
1188	ENSG00000186073	CDIN1	0.38001340795382316	2.523595034043412	1.4295642
1189	ENSG00000197430	OPALIN	0.13361687116069448	2.6116106748351915	1.4286003
1190	ENSG00000172382	PRSS27	0.016078051131688125	2.610850462643027	1.4275595
1191	ENSG00000166866	MYO1A	0.02363773785104884	2.6106794107350377	1.4273254
1192	ENSG00000161905	ALOX15	0.06769307351926306	2.6102667449867476	1.4267603
1193	ENSG00000105641	SLC5A5	0.01163812780140721	2.609188887560009	1.4252846
1194	ENSG00000094963	FMO2	0.11310794338674832	2.6086498129107025	1.4245466
1195	ENSG00000165029	ABCA1	0.3708827408341771	2.520641032530638	1.4243734
1196	ENSG00000183098	GPC6	0.8369645175467646	3.0159070947120252	1.4218541
1197	ENSG00000137491	SLCO2B1	0.2628711586118657	2.5181165875968907	1.4199374
1198	ENSG00000148488	ST8SIA6	0.10024907318711618	2.6049186000755826	1.419438
1199	ENSG00000165457	FOLR2	0.14904351921388906	2.604480291528213	1.4188379
1200	ENSG00000164736	SOX17	0.10545342324040986	2.6042473520148652	1.418519
1201	ENSG00000178363	CALML3	0.02627816494526858	2.6041663228274685	1.418408
1202	ENSG00000142173	COL6A2	0.25783444681947104	2.516625272971812	1.4173168
1203	ENSG00000151726	ACSL1	0.4513068917735462	2.516587713972423	1.4172508
1204	ENSG00000046889	PREX2	0.3686125334739745	2.514499578812848	1.4135815
1205	ENSG00000179869	ABCA13	0.06232687447503328	2.599732272125962	1.4123373
1206	ENSG00000117525	F3	0.22166019867560827	2.5991201696336907	1.4114991
1207	ENSG00000167123	CERCAM	0.23747446099960262	2.5125253982474005	1.4101124
1208	ENSG00000180871	CXCR2	0.04706762421690959	2.59697179181982	1.4085578
1209	ENSG00000010327	STAB1	0.2538595771784908	2.5114215471923225	1.4081727
1210	ENSG00000198074	AKR1B10	0.046668263327831645	2.5957997037744804	1.406953
1211	ENSG00000188817	SNTN	0.037873698269761565	2.594902416966105	1.4057245
1212	ENSG00000150045	KLRF1	0.3441815180325307	2.509867335652706	1.4054416
1213	ENSG00000099250	NRP1	0.4716094541672024	2.7145021412933734	1.4035802
1214	ENSG00000111837	MAK	0.324169788398887	2.508720210919765	1.4034258
1215	ENSG00000197360	ZNF98	0.07935221194190814	2.592415120993807	1.4023191
1216	ENSG00000170624	SGCD	0.7996637931432597	3.0021263839254093	1.4014455
1217	ENSG00000142959	BEST4	0.022102087490509143	2.5889442839674737	1.397567
1218	ENSG00000169031	COL4A3	0.18450762399395718	2.58894151978702	1.3975632
1219	ENSG00000120563	LYZL1	0.001862558402175123	2.588532558940791	1.3970033
1220	ENSG00000159450	TCHH	0.020166586800547736	2.5883730187102945	1.3967849
1221	ENSG00000163072	NOSTRIN	0.09792709985988629	2.5878631807541215	1.3960869
1222	ENSG00000166948	TGM6	0.0018145973094256431	2.585877040958155	1.3933675
1223	ENSG00000164113	ADAD1	0.00038906383668376756	2.5858043449737713	1.3932681
1224	ENSG00000112715	VEGFA	0.3134038741146274	2.502795453334168	1.3930147
1225	ENSG00000172139	SLC9C1	0.04450252543049252	2.584383505229948	1.3913227
1226	ENSG00000196104	SPOCK3	0.8882068199701287	2.994064532349317	1.3895063
1227	ENSG00000135842	NIBAN1	0.42502042972911275	2.5003006079754293	1.3886307
1228	ENSG00000206190	ATP10A	0.15070020390009542	2.5820459993503544	1.3881223
1229	ENSG00000267795	SMIM22	0.18432688756991147	2.5814886032717075	1.3873593
1230	ENSG00000163286	ALPG	0.006515214666875505	2.5809940590544453	1.3866822
1231	ENSG00000111796	KLRB1	1.0508243951947378	3.437654106437497	1.386296
1232	ENSG00000162618	ADGRL4	0.17876525542907767	2.5801833288574634	1.3855721
1233	ENSG00000071282	LMCD1	0.14095011401211813	2.5797727883933526	1.38501
1234	ENSG00000165887	ANKRD2	0.03866718403734072	2.5792937812237184	1.3843542
1235	ENSG00000141668	CBLN2	0.32046575660761045	2.49772821854127	1.3841105
1236	ENSG00000174844	DNAH12	0.06608331951984481	2.5789273249835514	1.3838525
1237	ENSG00000166126	AMN	0.09182222339418818	2.578552185488182	1.3833389
1238	ENSG00000081913	PHLPP1	0.7454277437057024	2.989662286803535	1.3829869
1239	ENSG00000196188	CTSE	0.036464904746718325	2.5778428075774453	1.3823676
1240	ENSG00000163207	IVL	0.0037738085539444936	2.577255325702544	1.3815633
1241	ENSG00000174607	UGT8	0.2639186165596908	2.4958022282986563	1.3807261
1242	ENSG00000140836	ZFHX3	0.6284526974806247	2.700027687369263	1.3800923
1243	ENSG00000166016	ABTB2	0.17478010173193398	2.575801998659759	1.3795735
1244	ENSG00000181072	CHRM2	0.27461274226939825	2.4945801567821726	1.3785787
1245	ENSG00000095970	TREM2	0.2238336853984583	2.573831257177342	1.3768753
1246	ENSG00000087250	MT3	0.24541063637829488	2.492997109813569	1.3757968
1247	ENSG00000134827	TCN1	0.014342474899921819	2.5713704375290822	1.3735061
1248	ENSG00000165449	SLC16A9	0.10059384800424342	2.570788618896635	1.3727095
1249	ENSG00000204287	HLA-DRA	2.4874893723396494	4.381244532471335	1.372542
1250	ENSG00000197891	SLC22A12	0.012673545515313304	2.570534430046088	1.3723615
1251	ENSG00000019186	CYP24A1	0.014849629570859016	2.569593129916924	1.3710728
1252	ENSG00000151418	ATP6V1G3	0.005776933076143205	2.5694926037463395	1.3709351
1253	ENSG00000145321	GC	0.003759149728225514	2.569390336532954	1.3707951
1254	ENSG00000132002	DNAJB1	1.4361080730198086	3.972858977960274	1.3695285
1255	ENSG00000177675	CD163L1	0.09636896353592125	2.5676807872763336	1.3684545
1256	ENSG00000256045	MTRNR2L10	0.06913579415877526	2.5674670849059886	1.3681619
1257	ENSG00000164188	RANBP3L	0.10428000596217696	2.5671633884072707	1.3677461
1258	ENSG00000141469	SLC14A1	0.12270847110902632	2.5670005869788484	1.3675232
1259	ENSG00000153721	CNKSR3	0.1649172366682405	2.5639332003170563	1.3633236
1260	ENSG00000187608	ISG15	1.0257872805755424	3.4179315132128636	1.3621935
1261	ENSG00000153822	KCNJ16	0.09650172092780485	2.5630434839134515	1.3621054
1262	ENSG00000123364	HOXC13	0.006840234221356575	2.560564433896766	1.3587112
1263	ENSG00000173210	ABLIM3	0.2813352881700981	2.483209650993108	1.3585981
1264	ENSG00000163710	PCOLCE2	0.10201415319117553	2.5592790380647603	1.3569514
1265	ENSG00000108387	SEPTIN4	0.2129313825125148	2.558957048378957	1.3565105
1266	ENSG00000186788	SPATA31D3	0.0010073804596226101	2.5581082904402175	1.3553485
1267	ENSG00000002726	AOC1	0.047260144556390535	2.5564188579508866	1.3530354
1268	ENSG00000130940	CASZ1	0.23143301155450796	2.4796075033717933	1.3522683
1269	ENSG00000176153	GPX2	0.08633136986363513	2.5551384958476424	1.3512824
1270	ENSG00000147459	DOCK5	0.5532581366696814	2.681938309837602	1.3507385
1271	ENSG00000164949	GEM	0.1252936454948848	2.554012051835023	1.3497401
1272	ENSG00000154358	OBSCN	0.1735616379084202	2.5540117378976794	1.3497397
1273	ENSG00000138061	CYP1B1	0.22405782791357182	2.553713541600682	1.3493315
1274	ENSG00000114115	RBP1	0.1877678926997756	2.5530404219623533	1.3484099
1275	ENSG00000174236	REP15	0.02180391622089426	2.552943712153644	1.3482774
1276	ENSG00000147614	ATP6V0D2	0.058374276799804344	2.551777306756342	1.3466805
1277	ENSG00000178568	ERBB4	1.8072761219940772	4.469053265521154	1.346623
1278	ENSG00000166426	CRABP1	0.039838931867451625	2.5506933174527524	1.3451964
1279	ENSG00000154553	PDLIM3	0.15993177073018594	2.5505264228597007	1.3449678
1280	ENSG00000149972	CNTN5	1.3892916255669854	3.948153906659865	1.3433056
1281	ENSG00000164161	HHIP	0.2653376794404136	2.4736981174652333	1.3418843
1282	ENSG00000170890	PLA2G1B	0.015525080801230318	2.5477460411681427	1.3411611
1283	ENSG00000115112	TFCP2L1	0.11786801217650929	2.547386882073707	1.3406694
1284	ENSG00000112818	MEP1A	0.026108147095369794	2.5473370246648614	1.3406012
1285	ENSG00000157554	ERG	0.12043118062424615	2.5473002157987197	1.3405508
1286	ENSG00000104043	ATP8B4	0.23064973102736672	2.4728907441126333	1.3404654
1287	ENSG00000122859	NEUROG3	0.0009754143246229177	2.5470102024068493	1.3401537
1288	ENSG00000152208	GRID2	1.3756440778606462	3.9449052263152775	1.3398573
1289	ENSG00000156049	GNA14	0.14158735856752597	2.5460832039028967	1.3388845
1290	ENSG00000141052	MYOCD	0.07556617425021622	2.545641282131928	1.3382795
1291	ENSG00000197446	CYP2F1	0.060171544169451786	2.5440287088539932	1.3360716
1292	ENSG00000188001	TPRG1	0.1537558426028598	2.543867624990569	1.3358511
1293	ENSG00000095303	PTGS1	0.11261233733279472	2.5434787781966466	1.3353187
1294	ENSG00000148773	MKI67	0.11850302290526409	2.542313701544586	1.3337235
1295	ENSG00000140545	MFGE8	0.31177817774196465	2.4690122213158774	1.33365
1296	ENSG00000169508	GPR183	0.6780757204942086	2.671064663090758	1.3330936
1297	ENSG00000108244	KRT23	0.061049196494317795	2.5416957600471184	1.3328775
1298	ENSG00000163499	CRYBA2	0.0019798643450485223	2.5412381452571857	1.332251
1299	ENSG00000173786	CNP	0.3803985330709619	2.468096570160124	1.332041
1300	ENSG00000109511	ANXA10	0.020153781798212443	2.5410198979549783	1.3319522
1301	ENSG00000149564	ESAM	0.17324386616502488	2.540778257631064	1.3316213
1302	ENSG00000105507	CABP5	0.07678940570406519	2.5395901134288725	1.3299946
1303	ENSG00000116962	NID1	0.1570758744173896	2.5386214054863894	1.3286684
1304	ENSG00000112893	MAN2A1	0.828542297336677	2.9527456764040543	1.3283153
1305	ENSG00000198804	MT-CO1	4.2503441376953575	4.9025167622113	1.3281567
1306	ENSG00000139144	PIK3C2G	0.058330906285567224	2.537852471436965	1.3276155
1307	ENSG00000197249	SERPINA1	0.8873561980757907	2.9515167718071518	1.3264953
1308	ENSG00000237541	HLA-DQA2	0.3089075344053619	2.464770436019603	1.3261963
1309	ENSG00000115008	IL1A	0.03566529633262157	2.5362651597884875	1.3254423
1310	ENSG00000115919	KYNU	0.25367304603459034	2.4642703764481815	1.3253176
1311	ENSG00000158258	CLSTN2	0.616730473768302	2.666101529357167	1.32504
1312	ENSG00000172201	ID4	0.15964019333809018	2.5358017096544447	1.3248078
1313	ENSG00000205221	VIT	0.046458037282160615	2.535648548488978	1.3245981
1314	ENSG00000213578	CPLX3	0.016395630928473376	2.5355014021399715	1.3243966
1315	ENSG00000114993	RTKN	0.09174144673957353	2.5347975797871887	1.3234329
1316	ENSG00000137573	SULF1	0.1165044585730846	2.5346570310576158	1.3232405
1317	ENSG00000162998	FRZB	0.06667958043569988	2.5342994748047167	1.322751
1318	ENSG00000145016	RUBCN	0.32101065553256286	2.4626831129800197	1.3225284
1319	ENSG00000111664	GNB3	0.09465527574082658	2.5324250989919883	1.3201847
1320	ENSG00000183303	OR5P2	0.001571654408272886	2.53232909654421	1.3200533
1321	ENSG00000132855	ANGPTL3	0.008760490046161267	2.5316092454075396	1.3190677
1322	ENSG00000091704	CPA1	0.0031600566070719674	2.5313901151128073	1.3187677
1323	ENSG00000171759	PAH	0.04589627693856244	2.5312401006380254	1.3185623
1324	ENSG00000168263	KCNV2	0.0951029203211984	2.5310266045354988	1.31827
1325	ENSG00000169876	MUC17	0.014821859787530553	2.5306212434214816	1.317715
1326	ENSG00000117601	SERPINC1	0.0034371042126910482	2.5302213887288563	1.3171675
1327	ENSG00000139988	RDH12	0.05647904427360678	2.5288312551408616	1.3152643
1328	ENSG00000159461	AMFR	0.5425624100572326	2.659575268922062	1.3144497
1329	ENSG00000060566	CREB3L3	0.02015023993164279	2.5281498693649778	1.3143314
1330	ENSG00000104332	SFRP1	0.13082165073040736	2.527312343097442	1.3131847
1331	ENSG00000188290	HES4	0.32534486658997214	2.4572818559235037	1.3130372
1332	ENSG00000181234	TMEM132C	0.28213985875711045	2.4566166410797456	1.3118683
1333	ENSG00000018408	WWTR1	0.33015780433141856	2.455558744084811	1.3100092
1334	ENSG00000125810	CD93	0.2864557488383206	2.4554829016655706	1.309876
1335	ENSG00000117632	STMN1	1.1446023554731364	3.819422019787813	1.3097837
1336	ENSG00000167644	C19orf33	0.21786561342337135	2.524252254692	1.308995
1337	ENSG00000053438	NNAT	0.20938336454708434	2.524089687163875	1.3087724
1338	ENSG00000178726	THBD	0.20715044228608612	2.523932584906654	1.3085574
1339	ENSG00000204616	TRIM31	0.018759327066596106	2.5230846711460035	1.3073964
1340	ENSG00000184347	SLIT3	0.4425845844478317	2.45390463685356	1.3071027
1341	ENSG00000173237	C11orf86	0.014842532406853738	2.521306898205621	1.3049624
1342	ENSG00000074181	NOTCH3	0.09117314030158184	2.5205654040511987	1.3039472
1343	ENSG00000196859	KRT39	0.0007078093902156227	2.5204706795806886	1.3038175
1344	ENSG00000123342	MMP19	0.09710532472485703	2.5197834678238036	1.3028767
1345	ENSG00000165895	ARHGAP42	0.24051995741602647	2.45138090530482	1.3026679
1346	ENSG00000112541	PDE10A	0.7982155022451157	2.9348381087971367	1.301795
1347	ENSG00000110203	FOLR3	0.10207993143065337	2.517760882345575	1.3001075
1348	ENSG00000181885	CLDN7	0.21739254114233228	2.516245678153693	1.298033
1349	ENSG00000147206	NXF3	0.004281984555328711	2.5160831431370103	1.2978104
1350	ENSG00000004948	CALCR	0.01891451924340006	2.515693307918195	1.2972767
1351	ENSG00000189129	PLAC9	0.1098188041913856	2.514862226188837	1.2961388
1352	ENSG00000130707	ASS1	0.19708571397474262	2.51476230939263	1.296002
1353	ENSG00000102109	PCSK1N	0.511292165579322	2.646576441155994	1.2933564
1354	ENSG00000172673	THEMIS	0.26157192149016234	2.445891710936381	1.2930222
1355	ENSG00000102802	MEDAG	0.023029108593252672	2.512191033822623	1.2924815
1356	ENSG00000168298	H1-4	0.6264914768400813	2.64600413454904	1.2924277
1357	ENSG00000162078	ZG16B	0.04590020017907758	2.511672911694771	1.2917722
1358	ENSG00000205277	MUC12	0.04178319675588681	2.510149767380332	1.2896868
1359	ENSG00000102854	MSLN	0.10302825394587277	2.510038934085461	1.289535
1360	ENSG00000174473	GALNTL6	1.1570566737078614	3.7996057848985187	1.289181
1361	ENSG00000139219	COL2A1	0.007255870985852776	2.508793862428136	1.2878305
1362	ENSG00000128218	VPREB3	0.21503644307017505	2.508552787301546	1.2875004
1363	ENSG00000185215	TNFAIP2	0.4262758890492506	2.4424372748769816	1.2869519
1364	ENSG00000116117	PARD3B	0.4762914390414929	2.6422458068480257	1.286329
1365	ENSG00000185745	IFIT1	0.22117631198182958	2.5072591669469313	1.2857292
1366	ENSG00000170961	HAS2	0.021940224441684197	2.506331957866821	1.2844597
1367	ENSG00000186529	CYP4F3	0.0314553952546752	2.5059676341038113	1.2839609
1368	ENSG00000102524	TNFSF13B	0.7816244011036629	2.9224316920301465	1.2834218
1369	ENSG00000183780	SLC35F3	0.6766433606262651	2.639902223410065	1.282526
1370	ENSG00000122194	PLG	0.020590479899087473	2.5047090401145984	1.2822378
1371	ENSG00000134817	APLNR	0.03485380908222944	2.5044761652433256	1.2819189
1372	ENSG00000128342	LIF	0.03298016360739309	2.5037437816729358	1.2809162
1373	ENSG00000186510	CLCNKA	0.021868141921064142	2.5033841637926133	1.2804238
1374	ENSG00000164171	ITGA2	0.23955059586483624	2.438524539508052	1.2800764
1375	ENSG00000182271	TMIGD1	0.014301464982679346	2.502750982097646	1.2795569
1376	ENSG00000151491	EPS8	0.500731236812777	2.636585053682798	1.2771432
1377	ENSG00000234829	IFNA17	5.611037322391449e-05	2.5007593912486805	1.2768302
1378	ENSG00000128573	FOXP2	0.4675070887121327	2.6355931025411117	1.2755336
1379	ENSG00000187244	BCAM	0.2923029902438551	2.4330141487857517	1.2703934
1380	ENSG00000139289	PHLDA1	0.36166891354584174	2.4329295606980157	1.2702447
1381	ENSG00000198682	PAPSS2	0.1809693987374552	2.495049954524983	1.2690132
1382	ENSG00000105929	ATP6V0A4	0.039966839832974346	2.495048094439776	1.2690107
1383	ENSG00000149131	SERPING1	0.33468831444369923	2.4322228945866256	1.269003
1384	ENSG00000189325	BNIP5	0.005397109675330497	2.494835771161012	1.2687199
1385	ENSG00000198398	TMEM207	0.0035475725032735697	2.4947919870679294	1.26866
1386	ENSG00000129988	LBP	0.00363118702572152	2.4941331190393328	1.2677579
1387	ENSG00000019582	CD74	3.3153638140326938	4.936315654542301	1.267642
1388	ENSG00000112214	FHL5	0.02223533714677367	2.4935216995945333	1.2669208
1389	ENSG00000156222	SLC28A1	0.027302445215956993	2.4932252099645957	1.2665149
1390	ENSG00000159261	CLDN14	0.017739695824568	2.4923063858390435	1.2652569
1391	ENSG00000182463	TSHZ2	0.7213298010300953	2.9099572266402145	1.2649477
1392	ENSG00000170044	ZPLD1	0.008030660316338905	2.491785045869196	1.264543
1393	ENSG00000137393	RNF144B	0.2907304159978337	2.42953989347062	1.2642883
1394	ENSG00000174876	AMY1B	0.0005863258169468951	2.4914596222350207	1.2640976
1395	ENSG00000123358	NR4A1	0.6204498547135172	2.6280508369691153	1.2632947
1396	ENSG00000153820	SPHKAP	0.3328257626892965	2.4288030481252756	1.2629936
1397	ENSG00000183662	TAFA1	0.7748473651273574	2.9084000549560445	1.2626415
1398	ENSG00000108551	RASD1	0.17526986710946307	2.4901866858269965	1.2623547
1399	ENSG00000119715	ESRRB	0.1134670680663054	2.4900917833314895	1.2622248
1400	ENSG00000105877	DNAH11	0.07906634461411385	2.48989226761631	1.2619516
1401	ENSG00000118985	ELL2	0.6805152765716524	2.626896129318782	1.261421
1402	ENSG00000183831	ANKRD45	0.01301950426939485	2.489205633080556	1.2610115
1403	ENSG00000119147	ECRG4	0.10608482878464667	2.488377979931345	1.2598784
1404	ENSG00000130234	ACE2	0.03126333345585969	2.4882806111714655	1.259745
1405	ENSG00000121068	TBX2	0.05997040717518873	2.4877769059126766	1.2590554
1406	ENSG00000163492	CCDC141	0.1741093308238493	2.4855214551694313	1.2559674
1407	ENSG00000138615	CILP	0.009713879833570159	2.484026042562605	1.25392
1408	ENSG00000146122	DAAM2	0.25366775404578384	2.423005613790952	1.2528062
1409	ENSG00000138759	FRAS1	0.4350859020703947	2.4224888498581523	1.251898
1410	ENSG00000142538	PTH2	0.0022445769589742744	2.482437078093148	1.2517445
1411	ENSG00000067113	PLPP1	0.5511915463774593	2.620319006555461	1.2507482
1412	ENSG00000188505	NCCRP1	0.008927294886286664	2.480977796293084	1.2497466
1413	ENSG00000154217	PITPNC1	0.8525905250543944	2.898463908524277	1.2479266
1414	ENSG00000182601	HS3ST4	0.2837371682427779	2.419852786744822	1.2472659
1415	ENSG00000023445	BIRC3	0.6685358605005135	2.6179891470520387	1.2469674
1416	ENSG00000171116	HSFX1	0.001018089653430744	2.477506608859307	1.244994
1417	ENSG00000178878	APOLD1	0.23907053027442557	2.4184722354983297	1.24484
1418	ENSG00000121361	KCNJ8	0.037863187254119086	2.4770187194483375	1.244326
1419	ENSG00000103534	TMC5	0.15499746599896586	2.47632992521815	1.2433829
1420	ENSG00000152583	SPARCL1	1.1843493023996365	3.755007595009689	1.2428126
1421	ENSG00000188158	NHS	0.3350177539584924	2.416035776778346	1.2405586
1422	ENSG00000167751	KLK2	0.0030775552158207728	2.4738803725844294	1.2400292
1423	ENSG00000270106	TSNAX-DISC1	0.05132856741315778	2.473859182717825	1.2400001
1424	ENSG00000186335	SLC36A2	0.015039802250868064	2.472917285542716	1.2387106
1425	ENSG00000213231	TCL1B	0.01267525444665143	2.4726156953144685	1.2382977
1426	ENSG00000079385	CEACAM1	0.08509419877705797	2.4719755392245184	1.2374213
1427	ENSG00000178538	CA8	0.12826671571576348	2.4690926219359337	1.2334741
1428	ENSG00000186803	IFNA10	0.00024512971511902825	2.46883350741292	1.2331194
1429	ENSG00000168334	XIRP1	0.011032271897899907	2.4686723972307574	1.2328988
1430	ENSG00000136205	TNS3	0.3191914219035634	2.411597511779649	1.2327596
1431	ENSG00000197405	C5AR1	0.4276004239732635	2.411567943281815	1.2327076
1432	ENSG00000006210	CX3CL1	0.16341303666481674	2.4678068457664257	1.2317138
1433	ENSG00000150760	DOCK1	0.4394954638422698	2.410608358055964	1.2310214
1434	ENSG00000268221	OPN1MW	0.00047435671598403226	2.467057523879699	1.2306879
1435	ENSG00000038295	TLL1	0.2113975785956377	2.4670441751382644	1.2306695
1436	ENSG00000196218	RYR1	0.13467744822293612	2.466123827648038	1.2294095
1437	ENSG00000152661	GJA1	0.171032505562051	2.465999673175273	1.2292395
1438	ENSG00000134460	IL2RA	0.11889177187346263	2.4656791390643633	1.2288007
1439	ENSG00000174358	SLC6A19	0.02191018316262623	2.4649380514416013	1.227786
1440	ENSG00000118520	ARG1	0.01883518396597753	2.4645396828288963	1.2272406
1441	ENSG00000154975	CA10	0.557353579805238	2.6057294017659207	1.2270734
1442	ENSG00000198732	SMOC1	0.13642041829863724	2.46401877978188	1.2265273
1443	ENSG00000134757	DSG3	0.017651175978623646	2.4634254522593984	1.225715
1444	ENSG00000165646	SLC18A2	0.04006376563494311	2.4633211948722646	1.2255722
1445	ENSG00000198597	ZNF536	0.5757387685689342	2.604639729835478	1.2253052
1446	ENSG00000108839	ALOX12	0.02009577570149087	2.4619060733223534	1.2236347
1447	ENSG00000156218	ADAMTSL3	0.23818577656600515	2.4061972670144547	1.2232702
1448	ENSG00000204262	COL5A2	0.2204262050766157	2.4610387593192686	1.2224473
1449	ENSG00000174059	CD34	0.11353547996545421	2.4606768675696724	1.2219518
1450	ENSG00000182674	KCNB2	0.5252745729887176	2.6007807710922455	1.2190433
1451	ENSG00000106034	CPED1	0.200656848865584	2.4581244254934163	1.2184572
1452	ENSG00000270188	MTRNR2L11	0.042548843035156554	2.4578507739388002	1.2180825
1453	ENSG00000137880	GCHFR	0.39421032718747484	2.403183924863574	1.217975
1454	ENSG00000105695	MAG	0.1575108871460813	2.457399047646915	1.2174641
1455	ENSG00000204103	MAFB	0.5578737554143866	2.599643212548149	1.2171973
1456	ENSG00000184908	CLCNKB	0.025781295887085155	2.457036032810459	1.216967
1457	ENSG00000106511	MEOX2	0.06678002074126936	2.456937174784687	1.2168317
1458	ENSG00000155307	SAMSN1	0.6541976164741322	2.598996714023715	1.2161483
1459	ENSG00000166959	MS4A8	0.038267110167475867	2.4563745369581076	1.2160614
1460	ENSG00000127588	GNG13	0.004060260482623166	2.456005149394235	1.2155557
1461	ENSG00000099985	OSM	0.14391212935966174	2.4547699244561008	1.2138644
1462	ENSG00000179046	TRIML2	0.005780095364447053	2.4543851593126953	1.2133377
1463	ENSG00000103569	AQP9	0.13312859983905623	2.4542968172855257	1.2132167
1464	ENSG00000182185	RAD51B	0.5086861538364467	2.5971820994241903	1.2132037
1465	ENSG00000158352	SHROOM4	0.2500683324064082	2.399649765626064	1.2117647
1466	ENSG00000071909	MYO3B	0.14930325728364732	2.453184629111217	1.211694
1467	ENSG00000153789	CIBAR2	0.030194467220626797	2.4527991326009526	1.2111661
1468	ENSG00000169744	LDB2	1.0073196246514646	3.2934366431711424	1.2100508
1469	ENSG00000163563	MNDA	0.8142322004926303	2.872849228047889	1.2099925
1470	ENSG00000261873	SMIM36	0.07930424894970055	2.451817824661281	1.2098227
1471	ENSG00000197046	SIGLEC15	0.010845997229835739	2.4518023492937178	1.2098014
1472	ENSG00000158516	CPA2	0.005123170661654372	2.4515179538975276	1.2094121
1473	ENSG00000018280	SLC11A1	0.5183510459313189	2.5948302629935043	1.2093873
1474	ENSG00000090659	CD209	0.017982295716002423	2.451108965818235	1.208852
1475	ENSG00000241476	SSX2	0.00011612951321175456	2.4507082379186005	1.2083035
1476	ENSG00000157168	NRG1	1.229243525729104	3.7217133546963597	1.2081969
1477	ENSG00000152049	KCNE4	0.046539553369137045	2.450270973282209	1.2077048
1478	ENSG00000091409	ITGA6	0.34736390844859905	2.396596610940366	1.2063997
1479	ENSG00000127743	IL17B	0.0086210353330899	2.447568916173637	1.2040052
1480	ENSG00000080224	EPHA6	0.8885391695338076	2.8672590886261875	1.2017138
1481	ENSG00000198626	RYR2	1.8210060081824386	5.111489336275605	1.2009479
1482	ENSG00000134853	PDGFRA	0.07243529262158148	2.444534751893961	1.1998512
1483	ENSG00000254466	OR4D10	0.0004817398365758488	2.443853496195759	1.1989183
1484	ENSG00000153064	BANK1	0.3488397904104903	2.392336740735276	1.1989142
1485	ENSG00000114480	GBE1	0.38897677266119235	2.3922906316080352	1.1988331
1486	ENSG00000183091	NEB	0.060567112205238374	2.443455107786066	1.198373
1487	ENSG00000136011	STAB2	0.023129031962292466	2.443261539061989	1.198108
1488	ENSG00000164588	HCN1	0.8392357585995093	2.8646206782890813	1.1978065
1489	ENSG00000213416	KRTAP4-12	0.0005573715330678093	2.4428104565347644	1.1974903
1490	ENSG00000134240	HMGCS2	0.033413260195176556	2.4423606664549187	1.1968745
1491	ENSG00000112319	EYA4	0.18623788855225884	2.441548961146846	1.1957631
1492	ENSG00000214787	MS4A4E	0.03849663533170157	2.441133646900537	1.1951946
1493	ENSG00000139737	SLAIN1	0.5012092947459267	2.5848363604329885	1.1931701
1494	ENSG00000138756	BMP2K	0.44848443113306774	2.3885593690351743	1.1922765
1495	ENSG00000137766	UNC13C	0.5216761852104761	2.5842468845438216	1.1922135
1496	ENSG00000196782	MAML3	0.571646350875944	2.584029767023632	1.1918612
1497	ENSG00000179813	FAM216B	0.01708343657761952	2.4386113875541726	1.1917412
1498	ENSG00000105835	NAMPT	1.0350096923167635	3.2776223349026394	1.1907245
1499	ENSG00000155886	SLC24A2	1.0801336731891558	3.2773792188135333	1.1904274
1500	ENSG00000038427	VCAN	1.0542742896726696	3.277368985380489	1.1904149
1501	ENSG00000206072	SERPINB11	0.017122851084139305	2.4375304848736143	1.1902614
1502	ENSG00000205517	RGL3	0.07940101775268198	2.4374140977975722	1.190102
1503	ENSG00000172215	CXCR6	0.11483687839087213	2.4368315900493234	1.1893045
1504	ENSG00000117215	PLA2G2D	0.005554777488224311	2.436690273798775	1.189111
1505	ENSG00000154646	TMPRSS15	0.007444639358920152	2.4363804923451857	1.1886868
1506	ENSG00000117305	HMGCL	0.1803167613366229	2.435924149646216	1.1880621
1507	ENSG00000149090	PAMR1	0.10492625423447219	2.4359042870385563	1.1880349
1508	ENSG00000106483	SFRP4	0.04191023690265597	2.435609404700687	1.1876311
1509	ENSG00000159588	CCDC17	0.031362346701014544	2.4344707617813963	1.1860721
1510	ENSG00000277494	GPIHBP1	0.048133417486366945	2.4336251907537685	1.1849145
1511	ENSG00000072080	SPP2	0.0030073375043444743	2.4330624360193402	1.184144
1512	ENSG00000198759	EGFL6	0.02932063877828863	2.4324617554306087	1.1833216
1513	ENSG00000107104	KANK1	0.4929740389293052	2.57849192747532	1.1828749
1514	ENSG00000115380	EFEMP1	0.14586415231767944	2.430804691571847	1.1810528
1515	ENSG00000069011	PITX1	0.032564020022670205	2.4306935448730225	1.1809007
1516	ENSG00000104722	NEFM	0.1375955055238714	2.43030055970177	1.1803626
1517	ENSG00000042980	ADAM28	0.3217343638351711	2.381698499285441	1.1802204
1518	ENSG00000183023	SLC8A1	1.510104020056834	3.794367466805535	1.1800706
1519	ENSG00000131142	CCL25	0.0189347998365756	2.42967121046963	1.1795009
1520	ENSG00000099194	SCD	0.2965356003176922	2.3812277637775296	1.1793932
1521	ENSG00000120549	KIAA1217	1.0058686149451046	3.267125876511385	1.177897
1522	ENSG00000172164	SNTB1	0.21890338935688813	2.428372577046183	1.1777229
1523	ENSG00000005108	THSD7A	0.5258155176691378	2.5745784256779447	1.1765244
1524	ENSG00000166926	MS4A6E	0.028080301595646083	2.427274477696827	1.1762195
1525	ENSG00000010379	SLC6A13	0.03726100387145049	2.427250198345033	1.1761862
1526	ENSG00000196549	MME	0.14705757926074436	2.4266106411695296	1.1753106
1527	ENSG00000211448	DIO2	0.0576962805709194	2.426504882972337	1.1751658
1528	ENSG00000085063	CD59	0.7462699110802221	2.848594866863496	1.1740731
1529	ENSG00000277775	H3C7	0.0070340984156249346	2.42546622038641	1.1737437
1530	ENSG00000162711	NLRP3	0.2243596236868511	2.4237785700764114	1.1714331
1531	ENSG00000198643	FAM3D	0.08989226051086843	2.423740947642438	1.1713816
1532	ENSG00000162892	IL24	0.014167214393588753	2.423616627075692	1.1712114
1533	ENSG00000174827	PDZK1	0.07045738202414002	2.423604175881079	1.1711943
1534	ENSG00000080573	COL5A3	0.13845316336307095	2.4235483285181028	1.1711179
1535	ENSG00000072657	TRHDE	0.3807424618451525	2.3758998997404435	1.170031
1536	ENSG00000116741	RGS2	0.8506586934288425	2.8454116863726275	1.169359
1537	ENSG00000170454	KRT75	0.00029560787438759535	2.421726963570779	1.1686242
1538	ENSG00000150630	VEGFC	0.05828300662651154	2.42133133096769	1.1680825
1539	ENSG00000196090	PTPRT	0.7368343103040532	2.843673190258118	1.1667843
1540	ENSG00000100351	GRAP2	0.2687679722597577	2.373679136116392	1.1661285
1541	ENSG00000178104	PDE4DIP	0.6478551609732416	2.568050569006126	1.1659316
1542	ENSG00000166927	MS4A7	0.5683983761962009	2.5678558308416024	1.1656156
1543	ENSG00000103888	CEMIP	0.142746027208337	2.4193072733236733	1.1653113
1544	ENSG00000114771	AADAC	0.019087135730996393	2.4191492585490635	1.165095
1545	ENSG00000163431	LMOD1	0.09735660691603833	2.418825116525896	1.1646512
1546	ENSG00000164674	SYTL3	0.5039375505943052	2.5672381465919236	1.1646132
1547	ENSG00000267206	LCN6	0.022249725436740957	2.4187635423379295	1.1645669
1548	ENSG00000136574	GATA4	0.08018372704033408	2.4183183548525875	1.1639574
1549	ENSG00000125975	C20orf173	0.0004087565573242992	2.4175593134472697	1.1629181
1550	ENSG00000115183	TANC1	0.4126402213681211	2.3717024028088165	1.162655
1551	ENSG00000054690	PLEKHH1	0.3044682947635082	2.3716229994176894	1.1625154
1552	ENSG00000153563	CD8A	0.5982733220321973	2.5654085407912848	1.1616443
1553	ENSG00000137267	TUBB2A	0.5013432142517616	2.5644052174793783	1.1600162
1554	ENSG00000162407	PLPP3	0.2786151184973193	2.3700369596732482	1.1597284
1555	ENSG00000163331	DAPL1	0.07301434776812352	2.414601855290413	1.158869
1556	ENSG00000128641	MYO1B	0.24516171270346998	2.3693518379806338	1.1585245
1557	ENSG00000173610	UGT2A1	0.04046236842997602	2.414092936979392	1.1581722
1558	ENSG00000053747	LAMA3	0.14365936749574515	2.413496145057528	1.1573551
1559	ENSG00000139132	FGD4	0.6465984333891475	2.5627307687389327	1.157299
1560	ENSG00000204655	MOG	0.18269741376881837	2.4127838261022463	1.1563798
1561	ENSG00000265107	GJA5	0.018748394634245366	2.4125864749305723	1.1561097
1562	ENSG00000163599	CTLA4	0.1030279660420349	2.4123870526015407	1.1558366
1563	ENSG00000184221	OLIG1	0.1391859619299531	2.412150689686375	1.155513
1564	ENSG00000180644	PRF1	0.934107194135391	3.2486138715083586	1.1552739
1565	ENSG00000087245	MMP2	0.11437909570763291	2.411275536219472	1.1543148
1566	ENSG00000085265	FCN1	1.1031075023783394	3.247825769337301	1.1543107
1567	ENSG00000106819	ASPN	0.05374940073248652	2.4112300896058216	1.1542525
1568	ENSG00000174225	ARL13A	0.008174600260397222	2.411000780797776	1.1539387
1569	ENSG00000143416	SELENBP1	0.17193507773977576	2.4093877248116584	1.1517302
1570	ENSG00000266028	SRGAP2	0.5256806297249599	2.5589749259358374	1.1512045
1571	ENSG00000239961	LILRA4	0.035379060605507884	2.4088787721889338	1.1510333
1572	ENSG00000185940	KRTAP5-5	0.00010189632873842316	2.4080823842319052	1.149943
1573	ENSG00000214140	PRCD	0.09093173120712994	2.4080778409613246	1.1499368
1574	ENSG00000148156	ACTL7B	0.0003309329665893475	2.4073519803438557	1.148943
1575	ENSG00000153208	MERTK	0.2195711067097589	2.407055859905458	1.1485375
1576	ENSG00000181804	SLC9A9	0.5646226428895784	2.557285837303966	1.1484635
1577	ENSG00000168329	CX3CR1	0.306508499684494	2.363576549986223	1.1483761
1578	ENSG00000163629	PTPN13	0.5011139540875983	2.557021611159346	1.1480347
1579	ENSG00000075420	FNDC3B	0.7564206139624734	2.8308538736788207	1.1477996
1580	ENSG00000233412	OR5H15	0.00018537193786016625	2.406022827909789	1.1471231
1581	ENSG00000170345	FOS	2.7641163265882547	4.102321518758523	1.1468343
1582	ENSG00000084453	SLCO1A2	0.1707730759238134	2.4050360966380357	1.1457722
1583	ENSG00000140945	CDH13	0.739821300970125	2.8291337146855486	1.1452521
1584	ENSG00000161649	CD300LG	0.029206747428850797	2.4045984770316404	1.1451731
1585	ENSG00000070214	SLC44A1	0.9974465095102394	3.23993917604097	1.1446726
1586	ENSG00000178175	ZNF366	0.03640634703727113	2.4037554703542345	1.1440189
1587	ENSG00000059377	TBXAS1	0.4120153644326073	2.360777927102291	1.1434582
1588	ENSG00000116882	HAO2	0.011639738093367578	2.403234490634643	1.1433055
1589	ENSG00000166569	CPLX4	0.04694389450482278	2.4024799868447446	1.1422725
1590	ENSG00000182816	KRTAP13-2	0.000541769270365302	2.4020346069871783	1.1416627
1591	ENSG00000243566	UPK3B	0.07491138444159447	2.401412300981332	1.1408107
1592	ENSG00000120594	PLXDC2	1.297188329971024	3.6568789445319037	1.140789
1593	ENSG00000127946	HIP1	0.4895954411186003	2.5524562148212895	1.1406264
1594	ENSG00000197901	SLC22A6	0.0394223440314647	2.4006378701450313	1.1397505
1595	ENSG00000124635	H2BC11	0.05675431049222388	2.400418757238434	1.1394504
1596	ENSG00000106211	HSPB1	1.3878610663647541	3.7551176743931616	1.1384094
1597	ENSG00000128617	OPN1SW	0.0035745587229881024	2.3992398500503485	1.1378363
1598	ENSG00000125744	RTN2	0.10721674297365388	2.3989493726858693	1.1374387
1599	ENSG00000066697	MSANTD3	0.14000334215282667	2.398590517258353	1.1369473
1600	ENSG00000151552	QDPR	0.4200881841222922	2.3566187186343215	1.1361496
1601	ENSG00000186891	TNFRSF18	0.16804130137335377	2.3969327126729922	1.1346775
1602	ENSG00000089692	LAG3	0.1735470494888155	2.396532227325675	1.1341293
1603	ENSG00000136250	AOAH	0.48534015620423143	2.547643815486391	1.1328173
1604	ENSG00000162004	CCDC78	0.04060988614781428	2.3955168660756323	1.1327391
1605	ENSG00000151388	ADAMTS12	0.0636348165670468	2.3945338605626314	1.1313932
1606	ENSG00000008196	TFAP2B	0.047092692162058164	2.3939773706814913	1.1306313
1607	ENSG00000244242	IFITM10	0.06269889997772529	2.393744653164576	1.1303127
1608	ENSG00000030304	MUSK	0.05542866833087649	2.393466206369455	1.1299314
1609	ENSG00000149257	SERPINH1	0.21740065322606006	2.39344159106803	1.1298977
1610	ENSG00000165959	CLMN	0.41026052086031467	2.352865313355896	1.129554
1611	ENSG00000172116	CD8B	0.5240776962404584	2.5452336125133215	1.1289062
1612	ENSG00000173641	HSPB7	0.06595351799268845	2.392644413926299	1.1288064
1613	ENSG00000198848	CES1	0.1939820590713484	2.391858875362828	1.1277308
1614	ENSG00000130222	GADD45G	0.1877480420154594	2.391640949971526	1.1274325
1615	ENSG00000031081	ARHGAP31	0.26522786508643065	2.3505549608628376	1.1254942
1616	ENSG00000115604	IL18R1	0.12151415258936205	2.3900641309094985	1.1252736
1617	ENSG00000203985	LDLRAD1	0.02143831202132278	2.388072878859047	1.1225473
1618	ENSG00000204301	NOTCH4	0.10162206730348776	2.38792051986167	1.1223387
1619	ENSG00000171433	GLOD5	0.00844906686902448	2.387870089186125	1.1222696
1620	ENSG00000151632	AKR1C2	0.09345496660755882	2.387734786295709	1.1220844
1621	ENSG00000109458	GAB1	0.6287374346851103	2.54042922943777	1.1211101
1622	ENSG00000125257	ABCC4	0.21798293525315368	2.3869676366459256	1.121034
1623	ENSG00000166961	MS4A15	0.007452962765608239	2.3869636499734366	1.1210285
1624	ENSG00000204511	MCCD1	0.00822380679562158	2.385978767967351	1.1196802
1625	ENSG00000179776	CDH5	0.11226454183231868	2.38574286272633	1.1193572
1626	ENSG00000249853	HS3ST5	0.3831465629399755	2.3451360202209215	1.1159719
1627	ENSG00000112742	TTK	0.01643001307709123	2.3831243777097377	1.1157721
1628	ENSG00000079819	EPB41L2	0.9077568259918752	2.8090097995469594	1.1154495
1629	ENSG00000165124	SVEP1	0.18750892488868395	2.3823588641562603	1.114724
1630	ENSG00000186994	KANK3	0.09021009021963307	2.382301292647863	1.1146452
1631	ENSG00000167941	SOST	0.002661508712044702	2.3821598686059517	1.1144515
1632	ENSG00000138772	ANXA3	0.16220455934456943	2.3818263496688807	1.113995
1633	ENSG00000179104	TMTC2	0.9116163555765742	3.21477556925897	1.1139208
1634	ENSG00000164756	SLC30A8	0.0168885103219059	2.38147203328212	1.1135099
1635	ENSG00000171495	MROH2B	0.0021024531094919947	2.3806701574659415	1.112412
1636	ENSG00000168530	MYL1	0.00158333434563808	2.3804763975997205	1.1121467
1637	ENSG00000102683	SGCG	0.08487069891249169	2.3800284591360326	1.1115334
1638	ENSG00000133115	STOML3	0.011183719158900518	2.379095515512916	1.1102561
1639	ENSG00000171848	RRM2	0.10402852954984909	2.3790050102430214	1.1101321
1640	ENSG00000148826	NKX6-2	0.11571698638035854	2.378972865914785	1.1100881
1641	ENSG00000076555	ACACB	0.2609260338556002	2.341739511332022	1.1100035
1642	ENSG00000198959	TGM2	0.17538153514063184	2.37875880382336	1.1097951
1643	ENSG00000165799	RNASE7	0.00488373049337149	2.3784625361003724	1.1093894
1644	ENSG00000120708	TGFBI	0.34089442315223584	2.341103480506587	1.1088859
1645	ENSG00000123572	NRK	0.03445803144950529	2.3779239476226435	1.108652
1646	ENSG00000034971	MYOC	0.004537323687011807	2.3779073352611233	1.1086293
1647	ENSG00000108309	RUNDC3A	0.142722838076599	2.3778867990759576	1.1086012
1648	ENSG00000137831	UACA	0.2854826425201032	2.340929142260268	1.1085795
1649	ENSG00000142484	TM4SF5	0.024501310207599825	2.377561864347312	1.1081563
1650	ENSG00000049249	TNFRSF9	0.05214229917687037	2.377488303629051	1.1080556
1651	ENSG00000111783	RFX4	0.14680383599138938	2.3769259102229734	1.1072856
1652	ENSG00000124145	SDC4	0.2666870410277261	2.33904925252201	1.1052761
1653	ENSG00000198727	MT-CYB	3.509444898640907	4.169047523462772	1.104743
1654	ENSG00000188324	OR6C6	0.0003940383306343872	2.3749322038917584	1.104556
1655	ENSG00000112149	CD83	0.7172020062386174	2.8015127702748783	1.1043469
1656	ENSG00000188883	KLRG2	0.006281523273449658	2.3746018280136876	1.1041036
1657	ENSG00000278961	SMIM34B	0.0026830661259554162	2.374211546839439	1.1035693
1658	ENSG00000131730	CKMT2	0.13909777575882515	2.3738664907427944	1.1030968
1659	ENSG00000168903	BTNL3	0.011327308690381769	2.37371985205822	1.1028961
1660	ENSG00000165383	LRRC18	0.001926459239074317	2.3736378682658765	1.1027838
1661	ENSG00000167693	NXN	0.20111327834362114	2.37314040641615	1.1021028
1662	ENSG00000145623	OSMR	0.1461633773401687	2.372403119128858	1.1010933
1663	ENSG00000075651	PLD1	0.3372538479271456	2.336224661320269	1.1003127
1664	ENSG00000179163	FUCA1	0.1915114860269628	2.371725386366695	1.1001654
1665	ENSG00000198814	GK	0.31830557122597525	2.336107418967437	1.1001067
1666	ENSG00000149452	SLC22A8	0.02945361214590164	2.3713735728738414	1.0996836
1667	ENSG00000162849	KIF26B	0.3456947104517164	2.335669023239415	1.0993363
1668	ENSG00000157150	TIMP4	0.02592813858079876	2.3703568342157615	1.0982916
1669	ENSG00000182752	PAPPA	0.10048957544659007	2.3702792498949017	1.0981854
1670	ENSG00000117501	MROH9	0.01902017103669184	2.3702277715422966	1.098115
1671	ENSG00000183807	FAM162B	0.04987091603861994	2.3698623160078656	1.0976145
1672	ENSG00000153823	PID1	0.5484612321784911	2.5258591166742503	1.0974671
1673	ENSG00000153162	BMP6	0.06228781136886701	2.369673253388191	1.0973557
1674	ENSG00000099139	PCSK5	0.32823127775420086	2.334525699525209	1.0973272
1675	ENSG00000168386	FILIP1L	0.4041630685555446	2.3340762201123995	1.0965374
1676	ENSG00000188153	COL4A5	0.2617744046162076	2.3339332310361685	1.0962862
1677	ENSG00000141433	ADCYAP1	0.03190432431617727	2.3686825483301734	1.0959994
1678	ENSG00000120156	TEK	0.10686875299518178	2.368082788620933	1.0951781
1679	ENSG00000214357	NEURL1B	0.11116663180429785	2.3674226350086482	1.0942743
1680	ENSG00000058085	LAMC2	0.05734538280009076	2.3673832120789124	1.0942204
1681	ENSG00000275688	CCL15-CCL14	0.0004653969160501302	2.3672664159527734	1.0940604
1682	ENSG00000112041	TULP1	0.05867778836585747	2.3664933104046106	1.093002
1683	ENSG00000165724	ZMYND19	0.14901191657823562	2.3664379596309737	1.0929261
1684	ENSG00000187048	CYP4A11	0.011858923696848473	2.3659277894910753	1.0922277
1685	ENSG00000143595	AQP10	0.007417264723486885	2.3639282283151806	1.08949
1686	ENSG00000179603	GRM8	0.3232322984167457	2.3297255344003585	1.0888922
1687	ENSG00000257335	MGAM	0.05842571057977204	2.36317335920393	1.0884565
1688	ENSG00000183709	IFNL2	7.459104259677343e-05	2.363051197130317	1.0882893
1689	ENSG00000073417	PDE8A	0.6782726271715028	2.5197855352141336	1.0876113
1690	ENSG00000198963	RORB	0.3860454058164874	2.328743277808777	1.0871662
1691	ENSG00000119938	PPP1R3C	0.05042437319136353	2.361950865229701	1.0867827
1692	ENSG00000104879	CKM	0.052949947153468235	2.361282825662254	1.0858681
1693	ENSG00000129757	CDKN1C	0.23686608064915884	2.3276211736544736	1.0851945
1694	ENSG00000095587	TLL2	0.04062004049532531	2.3600717155002546	1.0842099
1695	ENSG00000198650	TAT	0.0075796188614642565	2.359746701246862	1.0837649
1696	ENSG00000120306	CYSTM1	0.565772219174937	2.5165721769648846	1.082397
1697	ENSG00000128052	KDR	0.07698224073002143	2.3587116326383226	1.0823478
1698	ENSG00000168477	TNXB	0.09701262589437874	2.3576312206716836	1.0808686
1699	ENSG00000006327	TNFRSF12A	0.2486447470218432	2.3250185087929536	1.080621
1700	ENSG00000090376	IRAK3	0.35531918321725375	2.3238502423298457	1.0785681
1701	ENSG00000197953	AADACL2	0.0017407691224431286	2.355318754191638	1.0777025
1702	ENSG00000119681	LTBP2	0.06558516342178855	2.355271673037514	1.077638
1703	ENSG00000184611	KCNH7	0.6796373938676599	2.513628409538642	1.0776201
1704	ENSG00000147113	DIPK2B	0.07998758654578281	2.3551883345902853	1.077524
1705	ENSG00000079112	CDH17	0.03506039786307348	2.3544536749686706	1.076518
1706	ENSG00000010278	CD9	0.8559398470310026	2.7816762838843445	1.07497
1707	ENSG00000092200	RPGRIP1	0.07996159399421293	2.353016852054909	1.0745509
1708	ENSG00000170835	CEL	0.013332656127195202	2.3524327732007655	1.0737512
1709	ENSG00000125878	TCF15	0.04403542718485907	2.3514202425195867	1.0723649
1710	ENSG00000116285	ERRFI1	0.23500964750341663	2.319861244771497	1.0715585
1711	ENSG00000007350	TKTL1	0.04269071301858251	2.3497826640510993	1.0701228
1712	ENSG00000186471	AKAP14	0.013364140704089702	2.349328790479662	1.0695014
1713	ENSG00000121933	TMIGD3	0.10800496035395486	2.347774202661503	1.067373
1714	ENSG00000160345	C9orf116	0.05287526259173249	2.3474496297472953	1.0669286
1715	ENSG00000087494	PTHLH	0.04407337049961554	2.347261088508632	1.0666705
1716	ENSG00000108018	SORCS1	0.5878751432791895	2.5067285798138665	1.0664237
1717	ENSG00000011426	ANLN	0.18891499326017683	2.346781417672341	1.0660137
1718	ENSG00000198435	NRARP	0.0672136352644042	2.346761129905333	1.0659859
1719	ENSG00000153779	TGIF2LX	0.00016502987869122416	2.346293182230482	1.0653453
1720	ENSG00000078898	BPIFB2	0.001702238506374912	2.3460898026528785	1.0650668
1721	ENSG00000113296	THBS4	0.09957728932390326	2.3458591121056194	1.064751
1722	ENSG00000163352	LENEP	0.00018769232869667954	2.3449621877673543	1.0635229
1723	ENSG00000235387	SPAAR	0.04314661891382761	2.3446768099816913	1.0631323
1724	ENSG00000133121	STARD13	0.5414864153409804	2.504622729928006	1.0630065
1725	ENSG00000119508	NR4A3	0.25430116495316707	2.314102004213638	1.0614382
1726	ENSG00000255855	KDM4F	4.6920822554853994e-05	2.343407111684193	1.0613939
1727	ENSG00000162551	ALPL	0.07190893401114333	2.343134084087849	1.06102
1728	ENSG00000152910	CNTNAP4	0.17558528966841505	2.3430730699149027	1.0609366
1729	ENSG00000143196	DPT	0.03703271801786311	2.3429908979887943	1.060824
1730	ENSG00000154263	ABCA10	0.26874070619608054	2.313376734148249	1.0601637
1731	ENSG00000086205	FOLH1	0.15519206777580247	2.342131673699945	1.0596477
1732	ENSG00000121858	TNFSF10	0.5827220822669926	2.501897098671828	1.0585836
1733	ENSG00000112297	CRYBG1	0.42253614145005386	2.312378178654065	1.0584091
1734	ENSG00000104760	FGL1	0.02120254008599581	2.340300314020226	1.0571402
1735	ENSG00000106070	GRB10	0.42555210581133907	2.311545124389869	1.0569452
1736	ENSG00000188488	SERPINA5	0.019669153740177206	2.3396698893061036	1.0562772
1737	ENSG00000117115	PADI2	0.16162734387073047	2.3395792519515908	1.056153
1738	ENSG00000196353	CPNE4	0.4029354937667555	2.310836435943931	1.0557
1739	ENSG00000102794	ACOD1	0.0029981627168842733	2.3389308333257435	1.0552653
1740	ENSG00000169946	ZFPM2	0.9003648982975182	2.7683667491054043	1.0552592
1741	ENSG00000164932	CTHRC1	0.05607343285920194	2.338913534111603	1.0552416
1742	ENSG00000134873	CLDN10	0.09009737939464994	2.338238788288906	1.0543177
1743	ENSG00000187118	CMC1	0.7629896958998222	2.767509331541822	1.0539894
1744	ENSG00000168065	SLC22A11	0.00621787250651898	2.3374153653444973	1.0531904
1745	ENSG00000171051	FPR1	0.3961266671627819	2.3091047317694935	1.0526569
1746	ENSG00000176225	RTTN	0.2862895550110762	2.309093366511324	1.052637
1747	ENSG00000187546	AGMO	0.06412974204811878	2.336564330012179	1.0520252
1748	ENSG00000137204	SLC22A7	0.009708727505823984	2.3364477807537942	1.0518656
1749	ENSG00000099260	PALMD	0.1969923442372191	2.33592966223977	1.0511563
1750	ENSG00000166947	EPB42	0.05751810439714362	2.335800321091951	1.0509791
1751	ENSG00000121900	TMEM54	0.10596485407322055	2.3355770925088315	1.0506735
1752	ENSG00000004468	CD38	0.26880202379915774	2.3079271931264067	1.0505878
1753	ENSG00000130643	CALY	0.3746185905927611	2.3077293074637177	1.05024
1754	ENSG00000006747	SCIN	0.14456078947032386	2.335117283207346	1.050044
1755	ENSG00000136918	WDR38	0.015545737675731112	2.3350007885036126	1.0498844
1756	ENSG00000042813	ZPBP	0.11480647382215399	2.3345879481857983	1.0493193
1757	ENSG00000007312	CD79B	0.4874138340917824	2.496071975917996	1.049131
1758	ENSG00000066468	FGFR2	0.2850962875388591	2.3068433572560325	1.0486832
1759	ENSG00000164089	ETNPPL	0.052692380897800005	2.333731447593719	1.0481466
1760	ENSG00000109906	ZBTB16	0.8387748423292234	2.7634919602717196	1.0480399
1761	ENSG00000137440	FGFBP1	0.02943077623703875	2.3333746648299796	1.0476581
1762	ENSG00000168269	FOXI1	0.0032122425580310317	2.333170785587747	1.047379
1763	ENSG00000155974	GRIP1	0.9669132730206853	3.159722306980829	1.0466413
1764	ENSG00000183019	MCEMP1	0.2009765559493805	2.330825270468859	1.0441676
1765	ENSG00000189152	GRAPL	0.02299634284882527	2.33076384821466	1.0440836
1766	ENSG00000123243	ITIH5	0.07984855122869312	2.33075145630309	1.0440665
1767	ENSG00000221869	CEBPD	1.122801840820925	3.1575754794819786	1.0440177
1768	ENSG00000198947	DMD	1.571974394807693	3.664993591920793	1.0427482
1769	ENSG00000146592	CREB5	0.5007145466341916	2.4918966178157556	1.0423557
1770	ENSG00000197329	PELI1	0.5523405063923614	2.4914473855745682	1.0416267
1771	ENSG00000118526	TCF21	0.02362310687659793	2.3289149275568093	1.0415522
1772	ENSG00000151617	EDNRA	0.07535818526464205	2.328759273261461	1.041339
1773	ENSG00000109943	CRTAM	0.11821586504997197	2.328067254860719	1.0403916
1774	ENSG00000182050	MGAT4C	0.7260938897361344	2.7582274869741874	1.0402435
1775	ENSG00000074527	NTN4	0.22398180256810496	2.3268639037533365	1.038744
1776	ENSG00000121769	FABP3	0.12161427554683407	2.3266459150409657	1.0384456
1777	ENSG00000158813	EDA	0.19444926584187214	2.3264194426704394	1.0381355
1778	ENSG00000095596	CYP26A1	0.017007234504934847	2.3263011968634952	1.0379736
1779	ENSG00000130635	COL5A1	0.07895996095398304	2.3262812948050775	1.0379463
1780	ENSG00000170442	KRT86	0.03272428036305998	2.325807444530638	1.0372976
1781	ENSG00000057294	PKP2	0.17725453123040527	2.325696440221199	1.0371456
1782	ENSG00000066056	TIE1	0.07916173874112518	2.324988761006023	1.0361767
1783	ENSG00000113361	CDH6	0.15429412890268357	2.3243771291614794	1.0353392
1784	ENSG00000145526	CDH18	1.0900801332292895	3.149006288909068	1.0335455
1785	ENSG00000104419	NDRG1	0.4501545358002028	2.2974798257475135	1.0322294
1786	ENSG00000169474	SPRR1A	0.004134830206542819	2.3220989327268535	1.0322201
1787	ENSG00000112769	LAMA4	0.19651065674491977	2.3219743086564435	1.0320495
1788	ENSG00000140107	SLC25A47	0.0010663358706331817	2.32151698899427	1.0314233
1789	ENSG00000218336	TENM3	0.6355539671717073	2.4849877161202083	1.0311445
1790	ENSG00000205809	KLRC2	0.11148442436699749	2.321021437377161	1.0307449
1791	ENSG00000101203	COL20A1	0.01643861844178466	2.3204792392620783	1.0300026
1792	ENSG00000142910	TINAGL1	0.18561939577064	2.3200551759493986	1.0294219
1793	ENSG00000150687	PRSS23	0.4976373855802654	2.48341510688791	1.0285927
1794	ENSG00000166347	CYB5A	0.5534402935563469	2.4829370174573944	1.0278169
1795	ENSG00000180287	PLD5	0.3844484029363522	2.2944678934570293	1.0269368
1796	ENSG00000160789	LMNA	0.8336479294318293	2.749061311573941	1.0266689
1797	ENSG00000102010	BMX	0.0343368470852879	2.3177623489454207	1.0262828
1798	ENSG00000275410	HNF1B	0.03428232785491331	2.317280254373052	1.0256227
1799	ENSG00000162670	BRINP3	0.5074056218695339	2.4815546410407716	1.0255736
1800	ENSG00000066279	ASPM	0.06289388154934968	2.3169160376989346	1.0251241
1801	ENSG00000212724	KRTAP2-3	0.0008165435959522119	2.3167020060923393	1.024831
1802	ENSG00000152128	TMEM163	0.2550593786240872	2.2925453486665655	1.0235584
1803	ENSG00000166863	TAC3	0.035102187130296426	2.3149579191397183	1.0224432
1804	ENSG00000135111	TBX3	0.09736372746049352	2.314521787634231	1.021846
1805	ENSG00000176083	ZNF683	0.11309345303576991	2.3144017234518492	1.0216817
1806	ENSG00000112246	SIM1	0.025272377523000687	2.313828703843854	1.020897
1807	ENSG00000099860	GADD45B	1.2679283077749801	3.5413051210391617	1.0206279
1808	ENSG00000118777	ABCG2	0.05375241899844657	2.3131729371405396	1.0199993
1809	ENSG00000085465	OVGP1	0.028661128305915162	2.312834021144585	1.0195352
1810	ENSG00000157890	MEGF11	0.1790640544329635	2.3124457057908447	1.0190036
1811	ENSG00000171310	CHST11	0.6857667481086863	2.742514351578167	1.0169731
1812	ENSG00000127831	VIL1	0.039014413252761275	2.31035576636196	1.0161421
1813	ENSG00000204323	SMIM5	0.04625497575572669	2.3100169694831485	1.0156783
1814	ENSG00000197921	HES5	0.024395416112828746	2.3097449987367122	1.015306
1815	ENSG00000104921	FCER2	0.1806115710180429	2.3096147483285763	1.0151277
1816	ENSG00000079308	TNS1	0.2754738440190936	2.2876173955499413	1.0148989
1817	ENSG00000102359	SRPX2	0.06505239711872528	2.309168045816816	1.014516
1818	ENSG00000154864	PIEZO2	0.16705319952300962	2.309106317997672	1.0144315
1819	ENSG00000135220	UGT2A3	0.019362025571035002	2.3090527039543787	1.014358
1820	ENSG00000104899	AMH	0.02138810011004646	2.3084776422818445	1.0135708
1821	ENSG00000166840	GLYATL1	0.02221941791707767	2.3081774972398867	1.0131599
1822	ENSG00000135862	LAMC1	0.31359928306269347	2.286436316066052	1.0128235
1823	ENSG00000087237	CETP	0.019408109443404785	2.3072981384387083	1.0119559
1824	ENSG00000215217	C5orf49	0.03960261665318251	2.3069792037403523	1.0115192
1825	ENSG00000164683	HEY1	0.08600403858328289	2.3067702451154637	1.0112331
1826	ENSG00000242265	PEG10	0.21195346258540895	2.3061667953485574	1.0104069
1827	ENSG00000143443	C1orf56	0.4170142399532214	2.28505496123278	1.0103961
1828	ENSG00000090530	P3H2	0.22628745534542338	2.305714016358647	1.009787
1829	ENSG00000232629	HLA-DQB2	0.03559671758367559	2.3051049695106665	1.0089531
1830	ENSG00000006453	BAIAP2L1	0.13496781078818357	2.3050303158693244	1.0088509
1831	ENSG00000136487	GH2	8.88151559947688e-05	2.304979010592181	1.0087807
1832	ENSG00000198763	MT-ND2	3.0394923279749344	3.9279749746787487	1.0085471
1833	ENSG00000111961	SASH1	0.5442485097947555	2.4698286793834257	1.0065458
1834	ENSG00000181649	PHLDA2	0.2027448046509441	2.3026458187767878	1.0055863
1835	ENSG00000006788	MYH13	0.01170840859431588	2.3022328715463822	1.0050209
1836	ENSG00000198822	GRM3	0.5185699208802619	2.4687612090992905	1.0048136
1837	ENSG00000112499	SLC22A2	0.020685911399307394	2.3013524060614583	1.0038154
1838	ENSG00000187258	NPSR1	0.0312764861607333	2.3010421373297785	1.0033906
1839	ENSG00000114124	GRK7	0.014604105575922883	2.3009878820878695	1.0033163
1840	ENSG00000178828	RNF186	0.00995644180528736	2.300890269009774	1.0031826
1841	ENSG00000248905	FMN1	0.6632982908995109	2.46747601842679	1.0027281
1842	ENSG00000162944	RFTN2	0.2290476009257189	2.2803670955313016	1.0021585
1843	ENSG00000100311	PDGFB	0.11889551228352582	2.300016706172717	1.0019866
1844	ENSG00000157654	PALM2AKAP2	0.6188354435096839	2.466167411859948	1.0006046
1845	ENSG00000118729	CASQ2	0.06454294993698009	2.2989571830013618	1.000536
1846	ENSG00000100557	CCDC198	0.04655424797895372	2.2988915906621834	1.0004462
1847	ENSG00000168333	PPDPFL	0.0006319340047440117	2.2987520864880064	1.0002552
1848	ENSG00000166710	B2M	4.540856757152307	4.633570517014731	1.0
1849	ENSG00000174776	WDR49	0.07495275501651462	2.298142098953486	0.99942005
1850	ENSG00000261371	PECAM1	0.5161634648687764	2.465279288186895	0.99916345
1851	ENSG00000204231	RXRB	0.196735353090953	2.2977953555488027	0.9989453
1852	ENSG00000055957	ITIH1	0.002682311918280783	2.2974567567347552	0.9984817
1853	ENSG00000105392	CRX	0.048147581226866715	2.2973974235665673	0.99840045
1854	ENSG00000166869	CHP2	0.03242092510192714	2.297392842519172	0.9983942
1855	ENSG00000146966	DENND2A	0.21971115979126463	2.2973176662088273	0.99829125
1856	ENSG00000204479	PRAMEF17	0.0019345316446947466	2.297222962292801	0.9981616
1857	ENSG00000135931	ARMC9	0.4627319763795151	2.4644231337837037	0.9977742
1858	ENSG00000130066	SAT1	2.4075176355080066	4.0949892638060685	0.9975461
1859	ENSG00000048342	CC2D2A	0.24592094495084268	2.277737199946355	0.9975372
1860	ENSG00000236782	ZNF593OS	0.016605647406694728	2.2967522334737978	0.9975171
1861	ENSG00000104537	ANXA13	0.02149281085766261	2.296421521537793	0.99706435
1862	ENSG00000169855	ROBO1	1.2549778939643315	3.518573382639617	0.9969939
1863	ENSG00000118492	ADGB	0.01784062648823248	2.295326365451506	0.99556494
1864	ENSG00000119139	TJP2	0.21171143515703247	2.2951766884118436	0.99535996
1865	ENSG00000142178	SIK1	0.09655775702182737	2.2941244291063616	0.9939193
1866	ENSG00000133962	CATSPERB	0.04127243999833199	2.2938750737312215	0.9935779
1867	ENSG00000197721	CR1L	0.019286016893343336	2.2929543475899377	0.9923173
1868	ENSG00000109686	SH3D19	0.5803541259397575	2.4609328619145954	0.99211043
1869	ENSG00000110243	APOA5	0.0010054165462319352	2.2926706790393023	0.99192894
1870	ENSG00000187098	MITF	0.3659035619951488	2.2741348213129458	0.991207
1871	ENSG00000107719	PALD1	0.1255208398059464	2.291776727690705	0.990705
1872	ENSG00000203907	OOEP	0.06085248125923313	2.2917382615612913	0.9906523
1873	ENSG00000166689	PLEKHA7	0.2652973159786144	2.2737576379331608	0.9905442
1874	ENSG00000167483	NIBAN3	0.17846777487621496	2.2913007162561603	0.99005324
1875	ENSG00000127249	ATP13A4	0.14995070463557883	2.290931692319062	0.989548
1876	ENSG00000164023	SGMS2	0.1575977830101242	2.2908797687300306	0.9894769
1877	ENSG00000148498	PARD3	0.7172048900812324	2.723651672999312	0.98903847
1878	ENSG00000140678	ITGAX	0.29442100663464393	2.272875817741127	0.98899466
1879	ENSG00000005001	PRSS22	0.04987775615599491	2.290377330466191	0.988789
1880	ENSG00000175130	MARCKSL1	0.79710607504935	2.7233322925866403	0.9885655
1881	ENSG00000114541	FRMD4B	0.748997965479809	2.7230614783409823	0.9881644
1882	ENSG00000132514	CLEC10A	0.08462654870852308	2.289505085819304	0.9875948
1883	ENSG00000144824	PHLDB2	0.21117051031982068	2.2890333125554414	0.9869489
1884	ENSG00000142025	DMRTC2	0.0007303406090755557	2.2886820821238456	0.986468
1885	ENSG00000120242	IFNA8	0.0002948428441969778	2.288262105416316	0.985893
1886	ENSG00000138166	DUSP5	0.247661237403654	2.2709386375612572	0.9855906
1887	ENSG00000166147	FBN1	0.38588781227351837	2.2708384988664183	0.9854146
1888	ENSG00000152284	TCF7L1	0.14945289586556346	2.28696936552718	0.98412305
1889	ENSG00000108960	MMD	0.21732789123732887	2.2864224323841933	0.98337424
1890	ENSG00000187492	CDHR4	0.012054485282800004	2.286044768784842	0.98285717
1891	ENSG00000109991	P2RX3	0.0028950151665177175	2.285598113190465	0.9822456
1892	ENSG00000130158	DOCK6	0.11927065403718903	2.285376296253264	0.98194194
1893	ENSG00000204482	LST1	1.0992756088937732	3.106736016712682	0.9818878
1894	ENSG00000203697	CAPN8	0.044329167839396846	2.2851862274524484	0.9816817
1895	ENSG00000115896	PLCL1	0.9873677064167348	3.106452365629058	0.9815412
1896	ENSG00000144476	ACKR3	0.07672073881618892	2.2849885200384237	0.98141104
1897	ENSG00000142661	MYOM3	0.06006760598221831	2.284915429238571	0.98131096
1898	ENSG00000171659	GPR34	0.17020492490985084	2.284815653051874	0.98117435
1899	ENSG00000132464	ENAM	0.008925114555578996	2.284549168389325	0.9808095
1900	ENSG00000203747	FCGR3A	0.7800881401556223	2.7180324762910937	0.9807167
1901	ENSG00000164237	CMBL	0.1017391865294201	2.284235523824302	0.98038006
1902	ENSG00000172367	PDZD3	0.009157290392398864	2.2839152684062776	0.9799416
1903	ENSG00000115963	RND3	0.2252544952232371	2.2835227329323	0.97940415
1904	ENSG00000171864	PRND	0.007807096475484425	2.283502509663203	0.9793765
1905	ENSG00000186198	SLC51B	0.02195342117699095	2.2834639884586574	0.97932374
1906	ENSG00000165583	SSX5	0.0006636873337315463	2.2832520380175017	0.9790335
1907	ENSG00000115665	SLC5A7	0.006958664449110467	2.2830782930377	0.97879565
1908	ENSG00000114933	INO80D	0.4354298259308568	2.267030520300037	0.97872317
1909	ENSG00000138207	RBP4	0.07715428320651785	2.2826418223036904	0.97819805
1910	ENSG00000168589	DYNLRB2	0.047618662099497645	2.282630103230186	0.978182
1911	ENSG00000185177	ZNF479	0.00040581313586867036	2.2825913126127384	0.9781289
1912	ENSG00000185352	HS6ST3	1.1304237754851607	3.1032154578886098	0.97758543
1913	ENSG00000109132	PHOX2B	0.0010363495153256396	2.2821830329347232	0.97756994
1914	ENSG00000112137	PHACTR1	1.5674704950574379	3.6033471858957467	0.97731423
1915	ENSG00000078596	ITM2A	0.6400466645656601	2.451521787017767	0.976839
1916	ENSG00000180879	SSR4	1.5094165604555183	3.602776308302842	0.9767083
1917	ENSG00000005249	PRKAR2B	0.3490115469057782	2.265589917995806	0.9761917
1918	ENSG00000206579	XKR4	0.8027233783192722	2.714755588753247	0.9758638
1919	ENSG00000185532	PRKG1	1.1399302766004857	3.498170190025985	0.9757809
1920	ENSG00000134138	MEIS2	0.6854611691696233	2.7140367659057008	0.9747993
1921	ENSG00000152214	RIT2	0.31927003283137567	2.2645985219806954	0.9744496
1922	ENSG00000162482	AKR7A3	0.03755983234183706	2.279734596948025	0.9742177
1923	ENSG00000185681	MORN5	0.028992570762215234	2.279629374552037	0.97407365
1924	ENSG00000058866	DGKG	0.44731663516436226	2.264174596461987	0.97370464
1925	ENSG00000273802	H2BC8	0.0660153463160775	2.278649069285583	0.9727315
1926	ENSG00000163762	TM4SF18	0.07362411614599582	2.2772700970930706	0.9708435
1927	ENSG00000163518	FCRL4	0.003296703189128372	2.2771751454668387	0.9707135
1928	ENSG00000130844	ZNF331	0.7122413790759164	2.7111693543904876	0.9705528
1929	ENSG00000110169	HPX	0.008993281119967007	2.276515175791939	0.9698099
1930	ENSG00000187268	FAM9C	0.002306410151780438	2.276084821212653	0.9692207
1931	ENSG00000215529	EFCAB8	0.0058174261384291255	2.2749919337924633	0.9677244
1932	ENSG00000145012	LPP	1.0391249276086147	3.0949196489619526	0.9674473
1933	ENSG00000156103	MMP16	0.6391096219023272	2.445609096579592	0.9672444
1934	ENSG00000180061	TMEM150B	0.028334990443038773	2.2743867758368372	0.9668958
1935	ENSG00000198842	STYXL2	0.026441863811285764	2.274363632669377	0.9668641
1936	ENSG00000113100	CDH9	0.5093309541492838	2.4450002289353763	0.9662564
1937	ENSG00000173546	CSPG4	0.030837522422813343	2.2736084214606462	0.96583015
1938	ENSG00000134352	IL6ST	0.750963579971166	2.7078981528990034	0.9657083
1939	ENSG00000015592	STMN4	0.23525242874538982	2.259369967238001	0.9652618
1940	ENSG00000196376	SLC35F1	0.6582629798153329	2.4443031570936045	0.96512526
1941	ENSG00000196747	H2AC13	0.03289028225475888	2.272780685225563	0.9646969
1942	ENSG00000196735	HLA-DQA1	0.9592112934068988	3.0923920903091844	0.96435845
1943	ENSG00000182732	RGS6	0.7961417971937466	2.706739580647516	0.9639925
1944	ENSG00000111452	ADGRD1	0.0746217027196745	2.271965225590671	0.96358037
1945	ENSG00000188396	DYNLT4	0.016401889425090188	2.2711619333104878	0.9624806
1946	ENSG00000166148	AVPR1A	0.015756368702059185	2.270702814420506	0.96185195
1947	ENSG00000184012	TMPRSS2	0.057900948739572786	2.269149966279955	0.9597259
1948	ENSG00000151952	TMEM132D	0.6592317721846482	2.440581592339514	0.95908624
1949	ENSG00000168952	STXBP6	0.37535417775944513	2.2558547454073796	0.9590848
1950	ENSG00000086159	AQP6	0.007345033575191008	2.2685261758766386	0.9588719
1951	ENSG00000183463	URAD	0.008887030042398129	2.2684639655777166	0.9587867
1952	ENSG00000137941	TTLL7	0.8319196168234734	2.702379472377589	0.9575354
1953	ENSG00000124466	LYPD3	0.06523213466118288	2.2670735099652437	0.95688295
1954	ENSG00000111012	CYP27B1	0.009373701429894951	2.2670730905205048	0.9568824
1955	ENSG00000182578	CSF1R	0.33457788840874536	2.2543399071466808	0.9564229
1956	ENSG00000035664	DAPK2	0.18624281581950472	2.266677095326022	0.95634025
1957	ENSG00000151322	NPAS3	1.4040533989889326	3.5824658789313295	0.95515
1958	ENSG00000151224	MAT1A	0.0043036661989037375	2.2654908892090893	0.95471615
1959	ENSG00000109762	SNX25	0.2864740711112867	2.2531914651676823	0.95440483
1960	ENSG00000165084	C8orf34	0.34842597521861823	2.253151834706302	0.9543352
1961	ENSG00000057657	PRDM1	0.4457200029489583	2.252951000840504	0.9539823
1962	ENSG00000205916	DAZ4	0.00010128671536827256	2.2646980286658374	0.9536306
1963	ENSG00000128567	PODXL	0.17887386289716628	2.264562651103945	0.95344526
1964	ENSG00000165376	CLDN2	0.01243464409720241	2.2645508811986543	0.95342916
1965	ENSG00000090013	BLVRB	0.6467057039550436	2.4363040324953547	0.952145
1966	ENSG00000116833	NR5A2	0.033266358182302294	2.2629810463210656	0.9512799
1967	ENSG00000277224	H2BC7	0.040256290456084594	2.262924088811487	0.95120186
1968	ENSG00000173890	GPR160	0.18918479245022404	2.2628515633005106	0.95110255
1969	ENSG00000171711	DEFB4A	0.004475706145146661	2.262708901478468	0.95090723
1970	ENSG00000020577	SAMD4A	0.5167573821866827	2.4352602168030675	0.9504512
1971	ENSG00000135226	UGT2B28	0.00039967446889498933	2.2614611123146937	0.94919884
1972	ENSG00000039139	DNAH5	0.06800956423038071	2.261369020878746	0.9490728
1973	ENSG00000180205	WFDC9	0.0006242783414374281	2.261278877917544	0.94894934
1974	ENSG00000079689	SCGN	0.014269448407508817	2.261063762684684	0.94865483
1975	ENSG00000109181	UGT2B10	0.0002664597897619981	2.2604641944	0.94783396
1976	ENSG00000144230	GPR17	0.01545320913346294	2.260203033237262	0.9474764
1977	ENSG00000173868	PHOSPHO1	0.012694735628632043	2.259856506769905	0.94700193
1978	ENSG00000116748	AMPD1	0.009069973636152263	2.2596872384079147	0.9467702
1979	ENSG00000168309	FAM107A	0.1668802365509654	2.2595885759556147	0.9466351
1980	ENSG00000244414	CFHR1	0.001983379159123533	2.2592489372090876	0.9461701
1981	ENSG00000203870	SMIM9	0.001576877467583032	2.258307742021328	0.9448815
1982	ENSG00000177324	BEND2	0.008301153612564997	2.258246279592457	0.94479734
1983	ENSG00000123496	IL13RA2	0.006884897595603967	2.257905100218598	0.9443302
1984	ENSG00000102145	GATA1	0.014630276517171957	2.257833920156529	0.94423276
1985	ENSG00000272899	ATP6V1FNB	0.006428218823831782	2.257422945609303	0.9436701
1986	ENSG00000108001	EBF3	0.05624593466458742	2.2573736792696693	0.9436026
1987	ENSG00000150907	FOXO1	0.4947388665161753	2.4304714923867734	0.9426805
1988	ENSG00000138162	TACC2	0.3301467897311706	2.246436397185095	0.9425347
1989	ENSG00000124212	PTGIS	0.053484711668173264	2.2562573681830504	0.94207424
1990	ENSG00000154556	SORBS2	1.1510514533587757	3.4651947434250467	0.9414966
1991	ENSG00000177469	CAVIN1	0.2434056651129292	2.2456560588764343	0.9411634
1992	ENSG00000152936	LMNTD1	0.027083802853445454	2.2553933824146752	0.9408913
1993	ENSG00000078081	LAMP3	0.05706382258043046	2.2547858811606245	0.9400596
1994	ENSG00000106565	TMEM176B	0.40041772078607546	2.2444424896829975	0.93903095
1995	ENSG00000143995	MEIS1	0.31311186766844357	2.2440046408626926	0.9382615
1996	ENSG00000214128	TMEM213	0.044368869098786595	2.2527406774346366	0.93725944
1997	ENSG00000049192	ADAMTS6	0.15939350367498323	2.2524078308410536	0.9368037
1998	ENSG00000004838	ZMYND10	0.03500010596722979	2.252340435230547	0.93671143
1999	ENSG00000101076	HNF4A	0.029607149151034306	2.2522563010791092	0.9365962
2000	ENSG00000079101	CLUL1	0.07178994282751695	2.2521991388457154	0.93651795
